ClienteID,CPF_CNPJ,NomeCliente,UF,DataCadastro
CLI000001,29461453200,Cliente 1,CE,2024-08-24
CLI000002,13483841912,Cliente 2,GO,2024-08-12
CLI000003,87925703714,Cliente 3,RN,2024-04-20
CLI000004,63652865169,Cliente 4,SP,2024-04-11
CLI000005,86679531712,Cliente 5,PA,2023-07-18
CLI000006,11194733386,Cliente 6,DF,2023-06-21
CLI000007,65789388761,Cliente 7,RS,2025-04-24
CLI000008,65280508439,Cliente 8,RN,2025-01-09
CLI000009,12064536280,Cliente 9,PE,2023-01-08
CLI000010,84518764410,Cliente 10,SP,2023-05-21
CLI000011,32723424723,Cliente 11,PE,2024-05-04
CLI000012,87375557175,Cliente 12,DF,2023-11-19
CLI000013,42043006463,Cliente 13,GO,2023-03-31
CLI000014,32479829998,Cliente 14,SC,2023-06-22
CLI000015,29046056142,Cliente 15,PR,2025-06-24
CLI000016,49562554749,Cliente 16,AM,2024-04-21
CLI000017,26923351872,Cliente 17,GO,2024-11-25
CLI000018,83516947539,Cliente 18,RJ,2024-01-15
CLI000019,49151853988,Cliente 19,RJ,2024-12-25
CLI000020,79332960492,Cliente 20,RN,2024-11-22
CLI000021,33596876548,Cliente 21,PA,2024-02-02
CLI000022,12749967323,Cliente 22,RJ,2024-08-31
CLI000023,40702814281,Cliente 23,MG,2024-03-06
CLI000024,74845670595,Cliente 24,RN,2025-02-28
CLI000025,75883940463,Cliente 25,BA,2024-03-18
CLI000026,85580485104,Cliente 26,SP,2023-12-30
CLI000027,51984598829,Cliente 27,PR,2023-12-04
CLI000028,48817145680,Cliente 28,RN,2023-01-27
CLI000029,33756042855,Cliente 29,PR,2024-06-26
CLI000030,59166559751,Cliente 30,GO,2024-11-14
CLI000031,34266237510,Cliente 31,AM,2024-08-21
CLI000032,48645525976,Cliente 32,PR,2025-03-27
CLI000033,11147839461,Cliente 33,RJ,2024-02-28
CLI000034,76277303956,Cliente 34,AM,2024-06-23
CLI000035,78760081113,Cliente 35,CE,2025-04-02
CLI000036,75881791319,Cliente 36,GO,2024-05-28
CLI000037,90945320967,Cliente 37,RJ,2024-02-29
CLI000038,84620254144,Cliente 38,RS,2025-02-18
CLI000039,82776774756,Cliente 39,RN,2023-07-22
CLI000040,97020296907,Cliente 40,PR,2024-08-23
CLI000041,68786006543,Cliente 41,DF,2023-07-25
CLI000042,80278160860,Cliente 42,GO,2023-10-02
CLI000043,36539128651,Cliente 43,ES,2023-06-10
CLI000044,87099604879,Cliente 44,AM,2024-06-10
CLI000045,89097681843,Cliente 45,MG,2023-03-13
CLI000046,34905946684,Cliente 46,ES,2024-09-02
CLI000047,65503989999,Cliente 47,ES,2023-12-29
CLI000048,50447367600,Cliente 48,AM,2023-03-22
CLI000049,62887342356,Cliente 49,BA,2023-06-20
CLI000050,91669775209,Cliente 50,CE,2025-04-07
CLI000051,57893143777,Cliente 51,ES,2024-05-02
CLI000052,38854478747,Cliente 52,MG,2025-02-15
CLI000053,59738186510,Cliente 53,RS,2024-08-04
CLI000054,17955274414,Cliente 54,RJ,2024-06-03
CLI000055,11200005260,Cliente 55,GO,2023-02-01
CLI000056,69949849826,Cliente 56,RJ,2024-12-16
CLI000057,39318378843,Cliente 57,PR,2025-06-26
CLI000058,43658179293,Cliente 58,BA,2023-06-21
CLI000059,23576428872,Cliente 59,RN,2024-07-23
CLI000060,85350214729,Cliente 60,ES,2023-09-11
CLI000061,83793448383,Cliente 61,SP,2024-02-02
CLI000062,60925379536,Cliente 62,PE,2023-03-27
CLI000063,20771786893,Cliente 63,ES,2024-03-13
CLI000064,80202575457,Cliente 64,DF,2024-06-02
CLI000065,94647611352,Cliente 65,RS,2024-09-17
CLI000066,78512215767,Cliente 66,MG,2024-04-27
CLI000067,58616092357,Cliente 67,PA,2025-05-31
CLI000068,86308764003,Cliente 68,GO,2023-09-29
CLI000069,73354503749,Cliente 69,RJ,2023-05-05
CLI000070,40230734259,Cliente 70,BA,2024-11-27
CLI000071,54096598770,Cliente 71,SP,2024-12-13
CLI000072,22514938937,Cliente 72,PA,2024-11-05
CLI000073,57074024587,Cliente 73,SC,2024-06-05
CLI000074,12234596253,Cliente 74,CE,2023-05-23
CLI000075,26991041049,Cliente 75,RS,2025-07-15
CLI000076,37436257188,Cliente 76,PA,2023-02-01
CLI000077,47019506066,Cliente 77,RN,2023-05-21
CLI000078,86472808481,Cliente 78,CE,2024-11-12
CLI000079,96673219510,Cliente 79,ES,2024-01-05
CLI000080,83172974910,Cliente 80,RN,2025-06-13
CLI000081,11944292245,Cliente 81,RN,2025-02-15
CLI000082,22690791385,Cliente 82,PA,2024-10-03
CLI000083,73158034984,Cliente 83,RS,2023-01-27
CLI000084,23093938296,Cliente 84,GO,2023-10-03
CLI000085,12605808408,Cliente 85,RN,2024-02-28
CLI000086,67201972375,Cliente 86,ES,2023-05-30
CLI000087,81581478053,Cliente 87,PR,2024-11-07
CLI000088,82257493143,Cliente 88,RS,2024-09-09
CLI000089,95160395975,Cliente 89,CE,2024-04-10
CLI000090,62946620585,Cliente 90,RS,2024-02-10
CLI000091,99762195258,Cliente 91,PA,2023-07-22
CLI000092,65970745437,Cliente 92,PA,2024-07-30
CLI000093,24554452932,Cliente 93,DF,2023-04-05
CLI000094,75440382507,Cliente 94,RN,2024-05-19
CLI000095,90668384586,Cliente 95,PA,2024-08-17
CLI000096,11739334306,Cliente 96,CE,2024-06-19
CLI000097,40661966247,Cliente 97,RN,2024-01-26
CLI000098,14262486425,Cliente 98,DF,2024-08-09
CLI000099,54393545542,Cliente 99,MG,2023-08-20
CLI000100,62584370056,Cliente 100,BA,2024-04-12
CLI000101,34328528441,Cliente 101,PR,2023-10-26
CLI000102,20179137474,Cliente 102,SP,2025-01-16
CLI000103,87113608461,Cliente 103,RJ,2024-11-01
CLI000104,90126900583,Cliente 104,AM,2023-09-04
CLI000105,68899956548,Cliente 105,AM,2023-09-15
CLI000106,60502376441,Cliente 106,CE,2024-01-22
CLI000107,44889692711,Cliente 107,RS,2024-08-07
CLI000108,54719171888,Cliente 108,SC,2023-10-01
CLI000109,55232414746,Cliente 109,PR,2025-07-17
CLI000110,43409961415,Cliente 110,RJ,2024-08-17
CLI000111,69018875101,Cliente 111,PA,2025-03-13
CLI000112,40520102018,Cliente 112,RJ,2024-06-11
CLI000113,67887038061,Cliente 113,DF,2025-02-20
CLI000114,70005287224,Cliente 114,SP,2023-07-26
CLI000115,95939579350,Cliente 115,BA,2023-07-09
CLI000116,13521683371,Cliente 116,PE,2024-06-19
CLI000117,18703640988,Cliente 117,RJ,2024-05-31
CLI000118,59486531997,Cliente 118,SC,2025-07-05
CLI000119,65316169642,Cliente 119,DF,2025-02-02
CLI000120,18368005147,Cliente 120,RN,2023-07-15
CLI000121,75597541386,Cliente 121,AM,2024-09-13
CLI000122,74717623910,Cliente 122,SP,2024-03-17
CLI000123,77405375590,Cliente 123,PA,2024-04-18
CLI000124,74052192498,Cliente 124,RN,2024-07-04
CLI000125,13770120714,Cliente 125,PA,2023-02-25
CLI000126,92370339035,Cliente 126,ES,2023-11-03
CLI000127,95021171882,Cliente 127,PR,2023-07-13
CLI000128,18861803627,Cliente 128,RS,2024-12-22
CLI000129,81373438083,Cliente 129,AM,2024-11-11
CLI000130,85775532079,Cliente 130,PE,2025-05-04
CLI000131,47224017489,Cliente 131,GO,2024-09-14
CLI000132,53747940071,Cliente 132,ES,2023-04-22
CLI000133,88996046372,Cliente 133,RS,2023-05-30
CLI000134,45775130092,Cliente 134,DF,2025-01-22
CLI000135,25951720524,Cliente 135,GO,2024-01-12
CLI000136,23872599158,Cliente 136,MG,2023-10-31
CLI000137,90085576470,Cliente 137,RN,2025-05-16
CLI000138,31675506802,Cliente 138,SP,2023-03-17
CLI000139,12131020847,Cliente 139,AM,2024-09-18
CLI000140,86170207877,Cliente 140,MG,2024-11-26
CLI000141,69666089613,Cliente 141,PR,2023-02-08
CLI000142,33835132447,Cliente 142,RJ,2024-04-15
CLI000143,68641840568,Cliente 143,CE,2024-04-01
CLI000144,39565940277,Cliente 144,PR,2023-03-26
CLI000145,56606469231,Cliente 145,SP,2025-03-09
CLI000146,83718960967,Cliente 146,BA,2025-07-02
CLI000147,86121914753,Cliente 147,SC,2023-12-07
CLI000148,11577072216,Cliente 148,BA,2024-11-11
CLI000149,20516380888,Cliente 149,SC,2023-10-27
CLI000150,49396537553,Cliente 150,RN,2024-08-14
CLI000151,60335527758,Cliente 151,DF,2023-05-06
CLI000152,69879587729,Cliente 152,SP,2023-02-14
CLI000153,18542533921,Cliente 153,BA,2025-05-27
CLI000154,35529040584,Cliente 154,RS,2025-07-11
CLI000155,96514215457,Cliente 155,RS,2023-09-17
CLI000156,41109576420,Cliente 156,GO,2024-06-02
CLI000157,21077295592,Cliente 157,ES,2024-09-25
CLI000158,14190913162,Cliente 158,AM,2024-06-17
CLI000159,52397114780,Cliente 159,PA,2025-06-08
CLI000160,18515300552,Cliente 160,PE,2023-09-21
CLI000161,34277306815,Cliente 161,PE,2023-11-12
CLI000162,31631612448,Cliente 162,SP,2023-06-11
CLI000163,41664111340,Cliente 163,SP,2025-03-26
CLI000164,25999280184,Cliente 164,MG,2025-04-24
CLI000165,81128676194,Cliente 165,GO,2023-07-31
CLI000166,54293147358,Cliente 166,ES,2024-06-27
CLI000167,70265591022,Cliente 167,PR,2023-08-07
CLI000168,84981243060,Cliente 168,RN,2025-03-07
CLI000169,30532489184,Cliente 169,MG,2023-07-22
CLI000170,19598988756,Cliente 170,RN,2023-07-17
CLI000171,58008007534,Cliente 171,GO,2023-02-06
CLI000172,41310263991,Cliente 172,AM,2024-04-20
CLI000173,63669131864,Cliente 173,CE,2024-01-15
CLI000174,67647290941,Cliente 174,AM,2023-10-17
CLI000175,42571177236,Cliente 175,GO,2024-04-01
CLI000176,55253162588,Cliente 176,CE,2023-04-26
CLI000177,76117962150,Cliente 177,DF,2025-03-15
CLI000178,12929334041,Cliente 178,AM,2024-06-29
CLI000179,46739423958,Cliente 179,SP,2024-05-12
CLI000180,53175487238,Cliente 180,PA,2023-04-16
CLI000181,19129649243,Cliente 181,CE,2024-01-24
CLI000182,87288739016,Cliente 182,ES,2023-12-21
CLI000183,72009614788,Cliente 183,GO,2024-11-25
CLI000184,47312352091,Cliente 184,RN,2023-02-28
CLI000185,98187422734,Cliente 185,BA,2025-06-11
CLI000186,52639092697,Cliente 186,PA,2023-05-13
CLI000187,50951874213,Cliente 187,DF,2025-05-23
CLI000188,61709184553,Cliente 188,RJ,2023-07-07
CLI000189,64644960542,Cliente 189,SC,2024-01-27
CLI000190,15830027277,Cliente 190,BA,2024-09-17
CLI000191,98661092527,Cliente 191,PE,2023-12-10
CLI000192,84272948969,Cliente 192,AM,2025-03-04
CLI000193,85926690363,Cliente 193,RS,2023-12-15
CLI000194,89078232000,Cliente 194,SP,2023-11-08
CLI000195,53416818399,Cliente 195,RN,2023-01-29
CLI000196,54791415761,Cliente 196,DF,2024-10-13
CLI000197,84566990219,Cliente 197,MG,2024-07-27
CLI000198,21962600055,Cliente 198,GO,2023-08-22
CLI000199,12279284275,Cliente 199,DF,2025-06-28
CLI000200,87030282836,Cliente 200,CE,2024-08-28
CLI000201,75273214673,Cliente 201,BA,2024-09-09
CLI000202,90287466758,Cliente 202,RN,2023-05-16
CLI000203,91003255493,Cliente 203,PA,2025-04-04
CLI000204,66565787070,Cliente 204,PE,2023-06-04
CLI000205,13321089352,Cliente 205,SP,2024-11-26
CLI000206,87707095383,Cliente 206,DF,2023-04-16
CLI000207,13437989605,Cliente 207,BA,2025-03-12
CLI000208,22294006778,Cliente 208,ES,2025-04-17
CLI000209,93132296384,Cliente 209,PA,2024-12-29
CLI000210,70952163633,Cliente 210,RJ,2023-01-11
CLI000211,11891103228,Cliente 211,PE,2023-02-24
CLI000212,76323600524,Cliente 212,CE,2025-05-11
CLI000213,28140704341,Cliente 213,ES,2023-12-29
CLI000214,97329558125,Cliente 214,PE,2024-12-08
CLI000215,59898914287,Cliente 215,AM,2025-04-29
CLI000216,43796174272,Cliente 216,GO,2024-02-01
CLI000217,40021272259,Cliente 217,PR,2023-12-10
CLI000218,71281053585,Cliente 218,ES,2023-05-07
CLI000219,23830986586,Cliente 219,GO,2025-04-21
CLI000220,55695656020,Cliente 220,MG,2024-03-06
CLI000221,10847044938,Cliente 221,PA,2025-01-22
CLI000222,46095423545,Cliente 222,PA,2024-12-27
CLI000223,86557041312,Cliente 223,SC,2023-08-26
CLI000224,77521066859,Cliente 224,PE,2023-11-18
CLI000225,26179081964,Cliente 225,SC,2023-07-22
CLI000226,50514825685,Cliente 226,AM,2024-04-22
CLI000227,22368471348,Cliente 227,DF,2023-02-08
CLI000228,93410910448,Cliente 228,GO,2023-01-05
CLI000229,69545587306,Cliente 229,PA,2024-03-23
CLI000230,97883646051,Cliente 230,PA,2023-06-15
CLI000231,46546203171,Cliente 231,SC,2023-08-15
CLI000232,66661808847,Cliente 232,AM,2024-11-08
CLI000233,21970170219,Cliente 233,PR,2024-06-11
CLI000234,55205420044,Cliente 234,ES,2023-08-29
CLI000235,53043640298,Cliente 235,PA,2023-11-19
CLI000236,60630645164,Cliente 236,PR,2025-01-15
CLI000237,36060663175,Cliente 237,AM,2024-01-01
CLI000238,87489924642,Cliente 238,MG,2024-06-14
CLI000239,24037821172,Cliente 239,RS,2024-09-08
CLI000240,76059371827,Cliente 240,CE,2024-09-27
CLI000241,73312754006,Cliente 241,AM,2023-03-15
CLI000242,39199351617,Cliente 242,CE,2023-12-16
CLI000243,36079111745,Cliente 243,ES,2025-06-11
CLI000244,79286807792,Cliente 244,DF,2023-09-29
CLI000245,41146833350,Cliente 245,ES,2024-10-13
CLI000246,94070708637,Cliente 246,GO,2025-02-25
CLI000247,65443165340,Cliente 247,RS,2023-11-28
CLI000248,78556175236,Cliente 248,RN,2023-02-17
CLI000249,12395399842,Cliente 249,RS,2024-09-07
CLI000250,15107267333,Cliente 250,DF,2023-09-08
CLI000251,94607798709,Cliente 251,RN,2024-05-28
CLI000252,11458678276,Cliente 252,DF,2023-11-22
CLI000253,80488877339,Cliente 253,MG,2025-06-11
CLI000254,68577688921,Cliente 254,SP,2024-08-26
CLI000255,92192468929,Cliente 255,RJ,2025-01-23
CLI000256,24395657447,Cliente 256,SP,2023-03-28
CLI000257,13583011445,Cliente 257,RN,2025-02-28
CLI000258,70434076971,Cliente 258,CE,2024-02-22
CLI000259,10625733333,Cliente 259,RN,2025-03-25
CLI000260,16229212346,Cliente 260,PA,2023-12-18
CLI000261,88992011716,Cliente 261,RS,2024-11-23
CLI000262,97247006558,Cliente 262,RN,2024-05-13
CLI000263,33493908225,Cliente 263,GO,2025-05-31
CLI000264,17129563109,Cliente 264,RN,2024-04-15
CLI000265,85232498202,Cliente 265,PA,2024-03-20
CLI000266,32204380519,Cliente 266,SC,2024-09-23
CLI000267,12308849610,Cliente 267,MG,2025-07-29
CLI000268,94549893940,Cliente 268,RN,2023-11-28
CLI000269,31706957619,Cliente 269,SC,2023-03-13
CLI000270,65760026572,Cliente 270,RS,2023-02-01
CLI000271,44856857158,Cliente 271,PE,2023-01-25
CLI000272,87680338836,Cliente 272,MG,2025-02-05
CLI000273,67023807604,Cliente 273,PE,2023-06-04
CLI000274,97856997888,Cliente 274,GO,2025-03-29
CLI000275,20845158299,Cliente 275,RS,2023-07-25
CLI000276,40775829951,Cliente 276,PE,2025-03-05
CLI000277,10220771358,Cliente 277,PR,2024-08-08
CLI000278,21267922249,Cliente 278,DF,2023-06-09
CLI000279,42798878129,Cliente 279,RS,2023-03-06
CLI000280,39496638254,Cliente 280,CE,2025-04-15
CLI000281,25548899800,Cliente 281,SC,2023-08-24
CLI000282,85574523749,Cliente 282,CE,2024-11-08
CLI000283,97404111531,Cliente 283,ES,2025-03-29
CLI000284,34083723950,Cliente 284,PE,2024-09-01
CLI000285,41776219521,Cliente 285,BA,2025-06-17
CLI000286,78444627965,Cliente 286,RS,2023-11-30
CLI000287,58065579352,Cliente 287,DF,2024-12-04
CLI000288,27501720363,Cliente 288,CE,2024-10-31
CLI000289,10309431946,Cliente 289,PE,2025-08-06
CLI000290,18375153693,Cliente 290,CE,2023-08-21
CLI000291,19412886548,Cliente 291,GO,2024-05-15
CLI000292,89771880578,Cliente 292,BA,2024-04-26
CLI000293,49303430575,Cliente 293,RN,2024-12-22
CLI000294,81305006331,Cliente 294,SP,2023-11-04
CLI000295,94782002989,Cliente 295,DF,2024-10-27
CLI000296,26792283439,Cliente 296,PR,2023-03-07
CLI000297,56149078574,Cliente 297,ES,2023-02-01
CLI000298,11761711237,Cliente 298,PR,2024-07-28
CLI000299,39291489595,Cliente 299,AM,2025-01-27
CLI000300,43627997318,Cliente 300,ES,2024-07-12
CLI000301,78401640268,Cliente 301,PE,2025-06-02
CLI000302,86023047101,Cliente 302,CE,2025-03-26
CLI000303,87305783077,Cliente 303,PE,2023-11-24
CLI000304,16706878686,Cliente 304,PE,2023-08-01
CLI000305,19363086930,Cliente 305,PA,2023-07-27
CLI000306,44491906107,Cliente 306,BA,2024-12-20
CLI000307,22740084135,Cliente 307,RJ,2025-03-10
CLI000308,37763035534,Cliente 308,RN,2025-02-04
CLI000309,36175080671,Cliente 309,GO,2024-04-16
CLI000310,33755689927,Cliente 310,RS,2023-01-24
CLI000311,12165198482,Cliente 311,PA,2025-01-05
CLI000312,12392955050,Cliente 312,CE,2023-03-25
CLI000313,27855493717,Cliente 313,PE,2023-04-15
CLI000314,53909567396,Cliente 314,PE,2024-05-06
CLI000315,79540343574,Cliente 315,DF,2025-05-23
CLI000316,86923864826,Cliente 316,PA,2025-08-05
CLI000317,81020197019,Cliente 317,GO,2025-05-28
CLI000318,14823776924,Cliente 318,RN,2024-04-10
CLI000319,48515667313,Cliente 319,PA,2024-11-17
CLI000320,70267741495,Cliente 320,SC,2025-06-05
CLI000321,58555570977,Cliente 321,PA,2024-04-04
CLI000322,59785447438,Cliente 322,DF,2023-06-30
CLI000323,50184585291,Cliente 323,RS,2024-09-21
CLI000324,16703089599,Cliente 324,PA,2025-06-10
CLI000325,86943117051,Cliente 325,RN,2024-05-04
CLI000326,99522973904,Cliente 326,CE,2023-07-17
CLI000327,12459154970,Cliente 327,SC,2023-06-09
CLI000328,66938470181,Cliente 328,BA,2023-03-04
CLI000329,31796424614,Cliente 329,GO,2023-11-08
CLI000330,74594300009,Cliente 330,BA,2023-07-15
CLI000331,66273669516,Cliente 331,BA,2024-08-22
CLI000332,89281668435,Cliente 332,DF,2023-02-27
CLI000333,45930589173,Cliente 333,PR,2024-12-13
CLI000334,76716341852,Cliente 334,RN,2023-11-25
CLI000335,24652127277,Cliente 335,PR,2024-01-11
CLI000336,81399923611,Cliente 336,MG,2023-10-14
CLI000337,37757528651,Cliente 337,BA,2025-02-10
CLI000338,53627534724,Cliente 338,MG,2023-07-10
CLI000339,81025216101,Cliente 339,DF,2025-02-11
CLI000340,39198351378,Cliente 340,PR,2023-07-29
CLI000341,79670899675,Cliente 341,PR,2025-08-06
CLI000342,34722283213,Cliente 342,PE,2023-12-24
CLI000343,91332958410,Cliente 343,SP,2023-12-20
CLI000344,34015727603,Cliente 344,BA,2024-07-27
CLI000345,21531506366,Cliente 345,MG,2024-05-08
CLI000346,60787522555,Cliente 346,SP,2024-01-04
CLI000347,72933036666,Cliente 347,RS,2024-09-08
CLI000348,94530514829,Cliente 348,PE,2023-07-23
CLI000349,69474686932,Cliente 349,AM,2023-04-23
CLI000350,28350624503,Cliente 350,CE,2023-03-03
CLI000351,78901481624,Cliente 351,GO,2023-05-20
CLI000352,74707512665,Cliente 352,ES,2023-08-10
CLI000353,99914719302,Cliente 353,PE,2023-09-30
CLI000354,79004904195,Cliente 354,RN,2024-05-26
CLI000355,80885113475,Cliente 355,ES,2023-12-30
CLI000356,83525458990,Cliente 356,BA,2024-11-03
CLI000357,13791962752,Cliente 357,PR,2024-11-05
CLI000358,24535857619,Cliente 358,GO,2025-05-09
CLI000359,66344557557,Cliente 359,RJ,2025-04-21
CLI000360,51926884906,Cliente 360,RS,2024-09-12
CLI000361,47249198897,Cliente 361,ES,2023-01-29
CLI000362,65467329063,Cliente 362,SP,2024-11-23
CLI000363,56713435958,Cliente 363,MG,2025-05-01
CLI000364,65842568885,Cliente 364,PR,2023-06-04
CLI000365,16473548324,Cliente 365,RS,2023-12-07
CLI000366,32971261251,Cliente 366,PR,2023-12-19
CLI000367,73156280671,Cliente 367,DF,2024-09-30
CLI000368,95357844304,Cliente 368,MG,2025-01-07
CLI000369,56718630861,Cliente 369,ES,2023-06-21
CLI000370,91691861561,Cliente 370,SC,2023-10-06
CLI000371,66511090455,Cliente 371,DF,2023-01-23
CLI000372,38200068818,Cliente 372,RN,2024-12-22
CLI000373,84618848347,Cliente 373,MG,2023-08-22
CLI000374,33392317603,Cliente 374,PE,2023-10-15
CLI000375,16520412639,Cliente 375,SC,2024-10-27
CLI000376,94206240469,Cliente 376,RN,2024-02-25
CLI000377,60555101540,Cliente 377,DF,2023-11-22
CLI000378,51939469583,Cliente 378,ES,2025-08-06
CLI000379,40491706919,Cliente 379,SP,2024-03-17
CLI000380,17434460018,Cliente 380,RJ,2024-06-13
CLI000381,64677019751,Cliente 381,PA,2023-02-15
CLI000382,89431542876,Cliente 382,AM,2024-01-11
CLI000383,44373676420,Cliente 383,CE,2023-11-09
CLI000384,38558818091,Cliente 384,DF,2024-03-03
CLI000385,89115544174,Cliente 385,MG,2024-11-16
CLI000386,94341375970,Cliente 386,PR,2024-04-02
CLI000387,91841919904,Cliente 387,CE,2024-03-15
CLI000388,47803049902,Cliente 388,RS,2024-01-27
CLI000389,79125975462,Cliente 389,SC,2024-04-18
CLI000390,22744302192,Cliente 390,ES,2025-06-22
CLI000391,57048696458,Cliente 391,CE,2024-04-11
CLI000392,84999498815,Cliente 392,SC,2024-09-21
CLI000393,24245695798,Cliente 393,BA,2025-05-03
CLI000394,27612150542,Cliente 394,PA,2025-04-03
CLI000395,74181254752,Cliente 395,SP,2023-12-15
CLI000396,68908545091,Cliente 396,AM,2024-11-27
CLI000397,71511771048,Cliente 397,RJ,2023-12-28
CLI000398,32074116852,Cliente 398,CE,2023-09-05
CLI000399,35622764690,Cliente 399,SC,2023-01-16
CLI000400,84424364672,Cliente 400,RS,2023-11-18
CLI000401,31704378289,Cliente 401,SP,2023-07-28
CLI000402,11503288582,Cliente 402,DF,2025-07-18
CLI000403,92867041006,Cliente 403,AM,2025-04-16
CLI000404,38450434642,Cliente 404,PA,2024-01-14
CLI000405,99137700518,Cliente 405,PA,2024-11-25
CLI000406,78427742593,Cliente 406,PR,2024-02-12
CLI000407,57852155425,Cliente 407,ES,2023-08-04
CLI000408,80199753295,Cliente 408,SC,2025-01-26
CLI000409,26516935958,Cliente 409,SP,2023-07-26
CLI000410,16825421597,Cliente 410,PE,2024-03-02
CLI000411,43926277936,Cliente 411,RJ,2023-08-14
CLI000412,80358172124,Cliente 412,PE,2025-05-07
CLI000413,38706453645,Cliente 413,RN,2023-12-15
CLI000414,93530542077,Cliente 414,SC,2025-07-13
CLI000415,29982164597,Cliente 415,PA,2024-05-21
CLI000416,62790880131,Cliente 416,PE,2024-07-06
CLI000417,85305346822,Cliente 417,GO,2024-05-03
CLI000418,45913515914,Cliente 418,SC,2025-04-19
CLI000419,72419086607,Cliente 419,RN,2023-12-01
CLI000420,62514020690,Cliente 420,AM,2024-06-05
CLI000421,97789596423,Cliente 421,BA,2024-11-02
CLI000422,89950271487,Cliente 422,GO,2025-04-30
CLI000423,95119213338,Cliente 423,RS,2023-04-06
CLI000424,68322195937,Cliente 424,MG,2024-06-07
CLI000425,80410974022,Cliente 425,MG,2023-04-26
CLI000426,48472898851,Cliente 426,RN,2024-07-10
CLI000427,31946197670,Cliente 427,AM,2025-08-07
CLI000428,39130349826,Cliente 428,PR,2024-01-09
CLI000429,73179942464,Cliente 429,RS,2023-07-04
CLI000430,96977605967,Cliente 430,CE,2023-12-31
CLI000431,73895317695,Cliente 431,CE,2024-02-13
CLI000432,61348687655,Cliente 432,GO,2024-12-14
CLI000433,91571023932,Cliente 433,RJ,2024-03-05
CLI000434,15930309917,Cliente 434,PE,2025-05-11
CLI000435,88890159377,Cliente 435,PA,2023-09-30
CLI000436,11754463780,Cliente 436,BA,2025-03-07
CLI000437,95686578005,Cliente 437,RJ,2024-04-10
CLI000438,16084354900,Cliente 438,AM,2024-09-10
CLI000439,96971052170,Cliente 439,SP,2025-02-22
CLI000440,93406752267,Cliente 440,PR,2024-05-19
CLI000441,81835585377,Cliente 441,SC,2025-07-07
CLI000442,28757944260,Cliente 442,PA,2023-12-23
CLI000443,35787235867,Cliente 443,SP,2024-01-02
CLI000444,89160041140,Cliente 444,PE,2024-09-23
CLI000445,87602991539,Cliente 445,PE,2024-09-18
CLI000446,22714979525,Cliente 446,MG,2024-05-27
CLI000447,24003654821,Cliente 447,RN,2023-09-11
CLI000448,90426243136,Cliente 448,MG,2025-05-08
CLI000449,41502849819,Cliente 449,PR,2023-05-28
CLI000450,13638279983,Cliente 450,PE,2025-04-09
CLI000451,34686526691,Cliente 451,SP,2024-11-24
CLI000452,52416952456,Cliente 452,SC,2023-06-21
CLI000453,41799633703,Cliente 453,RN,2024-10-27
CLI000454,12747358976,Cliente 454,GO,2024-12-19
CLI000455,69117680800,Cliente 455,PE,2024-09-14
CLI000456,18668571270,Cliente 456,PA,2024-07-29
CLI000457,24955976916,Cliente 457,GO,2024-12-18
CLI000458,50182682555,Cliente 458,DF,2023-06-29
CLI000459,84049731621,Cliente 459,RJ,2023-03-17
CLI000460,18696976199,Cliente 460,GO,2025-01-10
CLI000461,57703171691,Cliente 461,RJ,2023-11-30
CLI000462,98030304438,Cliente 462,PR,2025-01-09
CLI000463,48090351584,Cliente 463,PA,2024-04-26
CLI000464,90649378592,Cliente 464,DF,2024-07-29
CLI000465,39986666529,Cliente 465,AM,2025-01-21
CLI000466,91846278793,Cliente 466,SP,2023-05-21
CLI000467,66789438218,Cliente 467,PR,2024-06-27
CLI000468,72754677643,Cliente 468,PE,2024-08-24
CLI000469,40788683424,Cliente 469,SP,2024-11-09
CLI000470,30859627972,Cliente 470,ES,2025-04-18
CLI000471,10681391960,Cliente 471,SP,2023-03-23
CLI000472,88347518220,Cliente 472,GO,2025-04-19
CLI000473,55783940336,Cliente 473,RS,2024-09-11
CLI000474,40298732530,Cliente 474,DF,2024-12-29
CLI000475,94143394370,Cliente 475,CE,2025-07-19
CLI000476,91161068944,Cliente 476,ES,2023-05-03
CLI000477,72031580814,Cliente 477,PR,2024-05-10
CLI000478,58690196206,Cliente 478,BA,2025-02-24
CLI000479,59480411537,Cliente 479,SP,2024-07-20
CLI000480,85525401136,Cliente 480,SC,2024-02-23
CLI000481,43495266091,Cliente 481,RS,2025-07-13
CLI000482,41610348530,Cliente 482,RN,2024-10-27
CLI000483,50923752735,Cliente 483,RJ,2025-02-02
CLI000484,72852601985,Cliente 484,RS,2025-04-15
CLI000485,23437878679,Cliente 485,BA,2023-01-06
CLI000486,72448339113,Cliente 486,PA,2025-02-12
CLI000487,71518158002,Cliente 487,DF,2024-01-10
CLI000488,35924475574,Cliente 488,PE,2023-11-09
CLI000489,99636368379,Cliente 489,RJ,2025-07-12
CLI000490,21376561687,Cliente 490,RJ,2024-04-17
CLI000491,58623215546,Cliente 491,AM,2023-01-21
CLI000492,44107309283,Cliente 492,RN,2023-09-18
CLI000493,31252890678,Cliente 493,SC,2024-06-01
CLI000494,89105721820,Cliente 494,PA,2025-07-05
CLI000495,19968677684,Cliente 495,RS,2024-11-05
CLI000496,44820385812,Cliente 496,SC,2025-02-09
CLI000497,62843398568,Cliente 497,MG,2025-07-19
CLI000498,33145019698,Cliente 498,RN,2024-02-09
CLI000499,96779300113,Cliente 499,RN,2025-01-20
CLI000500,49630800580,Cliente 500,MG,2024-06-20
CLI000501,67398354536,Cliente 501,BA,2023-10-19
CLI000502,83243158992,Cliente 502,AM,2024-03-05
CLI000503,49763920533,Cliente 503,PE,2023-08-23
CLI000504,56760681069,Cliente 504,AM,2025-06-18
CLI000505,63225338541,Cliente 505,CE,2025-01-26
CLI000506,67991211286,Cliente 506,MG,2024-01-04
CLI000507,48632586990,Cliente 507,RN,2024-02-08
CLI000508,75955795605,Cliente 508,DF,2024-04-09
CLI000509,92588009536,Cliente 509,RJ,2024-02-13
CLI000510,13540942683,Cliente 510,RS,2023-08-27
CLI000511,77416098757,Cliente 511,SP,2024-02-23
CLI000512,23763680765,Cliente 512,PE,2024-09-09
CLI000513,45663007764,Cliente 513,PA,2024-06-16
CLI000514,35788831211,Cliente 514,CE,2025-08-01
CLI000515,19898469131,Cliente 515,AM,2024-03-02
CLI000516,55923972478,Cliente 516,GO,2023-12-30
CLI000517,55670389372,Cliente 517,GO,2024-05-05
CLI000518,64271063183,Cliente 518,AM,2023-08-18
CLI000519,59661953191,Cliente 519,MG,2025-07-03
CLI000520,27193295387,Cliente 520,RN,2024-03-19
CLI000521,23353058113,Cliente 521,PE,2023-11-23
CLI000522,76802438085,Cliente 522,DF,2024-11-05
CLI000523,35432834559,Cliente 523,GO,2023-01-07
CLI000524,94650410021,Cliente 524,PE,2025-06-01
CLI000525,55909275262,Cliente 525,BA,2023-10-02
CLI000526,74768992965,Cliente 526,SC,2025-04-01
CLI000527,98788817503,Cliente 527,SP,2023-02-23
CLI000528,10723390072,Cliente 528,PE,2023-04-16
CLI000529,87698613308,Cliente 529,GO,2024-04-17
CLI000530,39034863414,Cliente 530,ES,2025-04-01
CLI000531,98984393666,Cliente 531,MG,2025-05-16
CLI000532,49550980109,Cliente 532,SC,2025-05-25
CLI000533,69865630688,Cliente 533,ES,2025-04-05
CLI000534,95879708254,Cliente 534,RS,2024-07-10
CLI000535,58985023946,Cliente 535,BA,2024-04-25
CLI000536,74462709876,Cliente 536,RJ,2024-03-10
CLI000537,34992312851,Cliente 537,CE,2023-04-21
CLI000538,28206101066,Cliente 538,RS,2023-09-30
CLI000539,19986306958,Cliente 539,PR,2024-07-22
CLI000540,86291591650,Cliente 540,RJ,2023-01-19
CLI000541,17880722682,Cliente 541,SC,2024-02-29
CLI000542,29963720501,Cliente 542,BA,2025-03-14
CLI000543,86278316783,Cliente 543,CE,2023-07-20
CLI000544,85381839735,Cliente 544,CE,2025-07-20
CLI000545,18378247022,Cliente 545,SP,2024-02-07
CLI000546,47220851282,Cliente 546,SP,2023-07-03
CLI000547,61083324840,Cliente 547,RN,2023-02-25
CLI000548,41569521261,Cliente 548,SP,2024-01-06
CLI000549,11105574051,Cliente 549,SC,2024-01-27
CLI000550,86194528730,Cliente 550,RN,2023-05-02
CLI000551,63429270203,Cliente 551,SP,2024-11-16
CLI000552,92232047608,Cliente 552,MG,2025-06-04
CLI000553,61818031150,Cliente 553,GO,2023-03-30
CLI000554,40558292556,Cliente 554,CE,2023-04-30
CLI000555,17285999977,Cliente 555,RN,2023-10-28
CLI000556,97185226703,Cliente 556,SC,2024-01-20
CLI000557,66724151571,Cliente 557,DF,2023-07-01
CLI000558,75706068018,Cliente 558,RS,2024-10-10
CLI000559,81715827647,Cliente 559,BA,2023-08-30
CLI000560,44993940835,Cliente 560,GO,2024-06-26
CLI000561,78701446060,Cliente 561,SC,2023-04-17
CLI000562,34807642057,Cliente 562,MG,2024-06-29
CLI000563,90284253217,Cliente 563,RS,2025-06-04
CLI000564,96235523219,Cliente 564,CE,2023-01-13
CLI000565,11678132069,Cliente 565,PR,2023-06-22
CLI000566,58893319833,Cliente 566,PR,2023-09-27
CLI000567,63010814726,Cliente 567,PA,2024-07-25
CLI000568,42914270790,Cliente 568,MG,2023-03-16
CLI000569,47595013609,Cliente 569,BA,2025-01-20
CLI000570,91529753504,Cliente 570,PR,2024-07-06
CLI000571,13925628435,Cliente 571,DF,2024-02-03
CLI000572,69681546851,Cliente 572,BA,2024-12-08
CLI000573,84662384797,Cliente 573,RS,2025-07-04
CLI000574,29332260863,Cliente 574,SP,2024-05-18
CLI000575,44850209381,Cliente 575,RN,2024-08-13
CLI000576,10123078362,Cliente 576,MG,2023-07-24
CLI000577,54739054610,Cliente 577,GO,2024-11-18
CLI000578,59642748674,Cliente 578,PR,2024-08-11
CLI000579,59682954087,Cliente 579,SC,2024-05-11
CLI000580,74535860099,Cliente 580,ES,2023-03-16
CLI000581,40704885525,Cliente 581,CE,2024-07-24
CLI000582,13312409913,Cliente 582,GO,2023-03-26
CLI000583,53941121185,Cliente 583,MG,2024-09-21
CLI000584,66644215566,Cliente 584,SP,2023-07-01
CLI000585,26125711381,Cliente 585,RJ,2025-04-13
CLI000586,94236086475,Cliente 586,MG,2025-01-09
CLI000587,99617671204,Cliente 587,PA,2023-08-16
CLI000588,58001236781,Cliente 588,PR,2023-08-22
CLI000589,12700746899,Cliente 589,BA,2023-01-17
CLI000590,66863037128,Cliente 590,SC,2024-02-29
CLI000591,70970010318,Cliente 591,ES,2025-04-13
CLI000592,72604383031,Cliente 592,CE,2023-06-18
CLI000593,72779348615,Cliente 593,AM,2023-06-23
CLI000594,43234610722,Cliente 594,PE,2025-04-24
CLI000595,54865011548,Cliente 595,SP,2023-09-02
CLI000596,81853077393,Cliente 596,CE,2023-08-07
CLI000597,93706942452,Cliente 597,RS,2024-02-06
CLI000598,74464758995,Cliente 598,RN,2024-11-29
CLI000599,28500707189,Cliente 599,DF,2025-01-18
CLI000600,95821827262,Cliente 600,SP,2023-10-12
CLI000601,30461260133,Cliente 601,RS,2024-06-02
CLI000602,76766555724,Cliente 602,MG,2023-10-24
CLI000603,97655106905,Cliente 603,AM,2024-10-25
CLI000604,13345109571,Cliente 604,BA,2024-07-23
CLI000605,78729755695,Cliente 605,AM,2024-10-02
CLI000606,49276938635,Cliente 606,SP,2023-05-06
CLI000607,40510200575,Cliente 607,RN,2024-03-14
CLI000608,56188519030,Cliente 608,CE,2024-12-28
CLI000609,97249971802,Cliente 609,RS,2023-09-22
CLI000610,13145206635,Cliente 610,DF,2025-06-13
CLI000611,14773759486,Cliente 611,PE,2025-05-19
CLI000612,76278704189,Cliente 612,PA,2023-11-19
CLI000613,41552790886,Cliente 613,MG,2023-07-23
CLI000614,81907066012,Cliente 614,PA,2025-02-24
CLI000615,75912760485,Cliente 615,DF,2024-05-19
CLI000616,68734155830,Cliente 616,PA,2023-10-02
CLI000617,13475968165,Cliente 617,GO,2024-06-17
CLI000618,36101723112,Cliente 618,MG,2025-01-17
CLI000619,26898130057,Cliente 619,SC,2025-05-17
CLI000620,56250358546,Cliente 620,SP,2024-05-21
CLI000621,98835783360,Cliente 621,PE,2023-08-29
CLI000622,39623478882,Cliente 622,CE,2025-02-18
CLI000623,84330838584,Cliente 623,SP,2024-01-16
CLI000624,51510412985,Cliente 624,SC,2024-05-18
CLI000625,84280519177,Cliente 625,RJ,2023-02-07
CLI000626,38605756863,Cliente 626,ES,2024-01-22
CLI000627,35102011220,Cliente 627,PE,2023-12-06
CLI000628,50916418038,Cliente 628,BA,2023-12-17
CLI000629,51261662294,Cliente 629,PA,2025-07-13
CLI000630,39189517106,Cliente 630,GO,2025-08-08
CLI000631,18027081249,Cliente 631,RJ,2023-01-26
CLI000632,45941556385,Cliente 632,PA,2023-04-10
CLI000633,34197431212,Cliente 633,PA,2023-12-28
CLI000634,97071253766,Cliente 634,SC,2023-08-25
CLI000635,89698451185,Cliente 635,GO,2023-07-05
CLI000636,75107708334,Cliente 636,SC,2024-07-14
CLI000637,33993813391,Cliente 637,PA,2025-06-22
CLI000638,81819136512,Cliente 638,AM,2024-08-23
CLI000639,80300875025,Cliente 639,RN,2023-03-15
CLI000640,96408210167,Cliente 640,SC,2024-11-03
CLI000641,56656587099,Cliente 641,SP,2025-02-23
CLI000642,90676168630,Cliente 642,GO,2023-06-21
CLI000643,74244012333,Cliente 643,PE,2024-05-10
CLI000644,35499631284,Cliente 644,ES,2024-03-05
CLI000645,85498669239,Cliente 645,DF,2024-02-13
CLI000646,13507528472,Cliente 646,PE,2024-04-26
CLI000647,14470798402,Cliente 647,SP,2024-06-30
CLI000648,33031363146,Cliente 648,RJ,2024-02-02
CLI000649,82646407607,Cliente 649,CE,2024-10-25
CLI000650,57554151599,Cliente 650,RS,2024-07-18
CLI000651,30289275094,Cliente 651,RJ,2024-10-02
CLI000652,61059909288,Cliente 652,ES,2024-10-12
CLI000653,24071053249,Cliente 653,CE,2023-07-04
CLI000654,24085677613,Cliente 654,DF,2024-02-22
CLI000655,28317750060,Cliente 655,MG,2023-11-30
CLI000656,71915510832,Cliente 656,CE,2024-05-14
CLI000657,53810495741,Cliente 657,MG,2023-03-12
CLI000658,50264557616,Cliente 658,PA,2025-02-10
CLI000659,75325423313,Cliente 659,DF,2025-02-19
CLI000660,53210832392,Cliente 660,DF,2025-07-03
CLI000661,52006543212,Cliente 661,CE,2025-04-01
CLI000662,45831854873,Cliente 662,GO,2024-10-12
CLI000663,87805649671,Cliente 663,BA,2025-04-09
CLI000664,28606516748,Cliente 664,RJ,2024-11-03
CLI000665,52615489247,Cliente 665,RN,2023-09-19
CLI000666,42551501973,Cliente 666,PA,2024-08-17
CLI000667,99710171886,Cliente 667,DF,2025-03-07
CLI000668,21391567567,Cliente 668,RJ,2023-08-12
CLI000669,74288553933,Cliente 669,DF,2025-01-06
CLI000670,12233866389,Cliente 670,SP,2023-07-30
CLI000671,56944145884,Cliente 671,RJ,2024-11-15
CLI000672,62291237479,Cliente 672,CE,2024-12-09
CLI000673,78147657181,Cliente 673,PR,2023-02-17
CLI000674,70920498453,Cliente 674,SP,2023-07-09
CLI000675,53124746201,Cliente 675,DF,2025-01-26
CLI000676,52347416622,Cliente 676,PA,2024-10-18
CLI000677,18769689396,Cliente 677,PE,2024-11-29
CLI000678,95971898127,Cliente 678,GO,2025-03-12
CLI000679,99979377462,Cliente 679,GO,2025-05-26
CLI000680,82468914903,Cliente 680,GO,2024-03-12
CLI000681,12840731452,Cliente 681,SC,2023-01-06
CLI000682,69630126748,Cliente 682,PR,2023-07-22
CLI000683,27161838621,Cliente 683,PE,2023-08-11
CLI000684,72651895392,Cliente 684,ES,2024-07-12
CLI000685,88255900928,Cliente 685,RN,2023-03-08
CLI000686,42825666316,Cliente 686,ES,2023-01-26
CLI000687,55121003763,Cliente 687,RJ,2023-09-13
CLI000688,88627529171,Cliente 688,GO,2025-04-08
CLI000689,10259024100,Cliente 689,CE,2023-01-24
CLI000690,46030613469,Cliente 690,MG,2025-07-15
CLI000691,87416541921,Cliente 691,BA,2024-07-17
CLI000692,25996629116,Cliente 692,BA,2023-08-01
CLI000693,51951428460,Cliente 693,RN,2024-01-20
CLI000694,82712326835,Cliente 694,DF,2024-07-24
CLI000695,95836841159,Cliente 695,PE,2024-04-05
CLI000696,80108667482,Cliente 696,RS,2024-01-04
CLI000697,71361294350,Cliente 697,CE,2025-02-03
CLI000698,77412305437,Cliente 698,SC,2024-10-13
CLI000699,65752641986,Cliente 699,PE,2024-04-27
CLI000700,96570071667,Cliente 700,ES,2025-04-04
CLI000701,38539555421,Cliente 701,DF,2024-06-03
CLI000702,72032147330,Cliente 702,CE,2023-10-21
CLI000703,74534936756,Cliente 703,PA,2024-07-14
CLI000704,19318788801,Cliente 704,GO,2023-10-19
CLI000705,47368307811,Cliente 705,BA,2023-01-10
CLI000706,60050762339,Cliente 706,ES,2024-08-29
CLI000707,34105911258,Cliente 707,PA,2025-04-22
CLI000708,49130090245,Cliente 708,CE,2024-08-06
CLI000709,37851022083,Cliente 709,RN,2023-12-11
CLI000710,90729117333,Cliente 710,RJ,2023-04-28
CLI000711,70261538256,Cliente 711,DF,2023-12-26
CLI000712,87339732723,Cliente 712,BA,2024-09-26
CLI000713,50970163297,Cliente 713,MG,2024-02-26
CLI000714,41741260424,Cliente 714,GO,2025-07-30
CLI000715,70070521245,Cliente 715,CE,2023-06-27
CLI000716,10169765618,Cliente 716,RJ,2024-07-08
CLI000717,90929514836,Cliente 717,DF,2023-10-11
CLI000718,22973310171,Cliente 718,PR,2023-09-11
CLI000719,84984005652,Cliente 719,RN,2024-07-01
CLI000720,30972358039,Cliente 720,BA,2023-12-17
CLI000721,93774691779,Cliente 721,DF,2024-10-20
CLI000722,72060433221,Cliente 722,PE,2025-04-10
CLI000723,69142319904,Cliente 723,RS,2023-11-09
CLI000724,32072772761,Cliente 724,CE,2025-06-30
CLI000725,73291847458,Cliente 725,SC,2023-03-06
CLI000726,57928752961,Cliente 726,PR,2025-04-27
CLI000727,10756435512,Cliente 727,RJ,2024-06-24
CLI000728,15062357334,Cliente 728,BA,2024-12-01
CLI000729,67177172170,Cliente 729,PA,2023-03-09
CLI000730,30330676746,Cliente 730,BA,2024-09-28
CLI000731,51257094338,Cliente 731,ES,2025-07-18
CLI000732,90833516440,Cliente 732,SC,2023-11-25
CLI000733,92709489910,Cliente 733,BA,2025-04-08
CLI000734,63379494601,Cliente 734,MG,2025-06-24
CLI000735,61475835838,Cliente 735,PR,2024-10-26
CLI000736,30513492049,Cliente 736,GO,2024-02-17
CLI000737,54474333279,Cliente 737,DF,2023-06-27
CLI000738,73645677432,Cliente 738,PA,2025-01-10
CLI000739,35769387169,Cliente 739,DF,2024-06-22
CLI000740,43187967456,Cliente 740,SP,2023-04-15
CLI000741,83303290390,Cliente 741,CE,2023-06-13
CLI000742,60660844448,Cliente 742,BA,2025-03-03
CLI000743,73714465622,Cliente 743,CE,2023-03-05
CLI000744,35179667495,Cliente 744,AM,2023-07-07
CLI000745,58494352978,Cliente 745,MG,2024-08-27
CLI000746,34020868978,Cliente 746,AM,2024-06-10
CLI000747,67586633819,Cliente 747,BA,2025-04-07
CLI000748,66700842126,Cliente 748,ES,2025-01-13
CLI000749,49937832464,Cliente 749,CE,2025-05-08
CLI000750,60359956658,Cliente 750,ES,2024-11-27
CLI000751,70841497905,Cliente 751,SC,2025-05-12
CLI000752,31493660100,Cliente 752,AM,2024-03-12
CLI000753,20751620891,Cliente 753,SP,2024-06-21
CLI000754,57142371064,Cliente 754,PR,2023-07-12
CLI000755,71263235815,Cliente 755,CE,2023-11-09
CLI000756,72338652878,Cliente 756,AM,2024-04-25
CLI000757,46409891782,Cliente 757,AM,2025-07-03
CLI000758,88876250478,Cliente 758,MG,2023-12-23
CLI000759,66579313282,Cliente 759,SP,2025-07-30
CLI000760,53942705712,Cliente 760,DF,2023-03-12
CLI000761,66627105126,Cliente 761,RN,2023-02-23
CLI000762,91424333748,Cliente 762,RS,2024-08-14
CLI000763,63414104642,Cliente 763,DF,2024-05-09
CLI000764,66494509792,Cliente 764,SC,2024-04-02
CLI000765,82880680338,Cliente 765,MG,2024-04-03
CLI000766,11435234801,Cliente 766,GO,2023-08-20
CLI000767,87814660555,Cliente 767,PA,2023-06-17
CLI000768,69071657534,Cliente 768,CE,2024-07-09
CLI000769,89315984825,Cliente 769,AM,2024-03-10
CLI000770,18883634340,Cliente 770,SC,2024-05-01
CLI000771,50421241453,Cliente 771,SC,2024-10-31
CLI000772,15401743551,Cliente 772,ES,2025-01-08
CLI000773,80069934748,Cliente 773,RJ,2025-06-04
CLI000774,59994035370,Cliente 774,SP,2024-09-17
CLI000775,91879666681,Cliente 775,GO,2023-05-29
CLI000776,86234462653,Cliente 776,PR,2023-10-27
CLI000777,78627585832,Cliente 777,ES,2024-04-18
CLI000778,80216228554,Cliente 778,MG,2025-08-05
CLI000779,48782453935,Cliente 779,CE,2024-04-14
CLI000780,24750695999,Cliente 780,CE,2025-07-22
CLI000781,61168521354,Cliente 781,CE,2023-09-15
CLI000782,14194369747,Cliente 782,PA,2023-09-06
CLI000783,53997864595,Cliente 783,RN,2025-06-07
CLI000784,83567376907,Cliente 784,ES,2025-06-27
CLI000785,85112009608,Cliente 785,MG,2025-01-01
CLI000786,79635932619,Cliente 786,RJ,2025-07-28
CLI000787,79501404509,Cliente 787,SC,2024-10-29
CLI000788,23391888861,Cliente 788,DF,2023-09-12
CLI000789,27212117664,Cliente 789,AM,2023-09-26
CLI000790,91382870905,Cliente 790,AM,2023-05-14
CLI000791,54708207153,Cliente 791,PR,2025-04-03
CLI000792,77791918051,Cliente 792,ES,2023-04-23
CLI000793,20034124601,Cliente 793,AM,2023-03-17
CLI000794,43751551113,Cliente 794,RS,2023-10-08
CLI000795,71907206587,Cliente 795,ES,2025-08-07
CLI000796,40286715631,Cliente 796,CE,2024-02-13
CLI000797,35414277323,Cliente 797,SP,2023-04-18
CLI000798,69259956589,Cliente 798,BA,2024-06-24
CLI000799,45373039256,Cliente 799,DF,2023-07-01
CLI000800,19695470937,Cliente 800,PA,2025-04-08
CLI000801,24453934807,Cliente 801,BA,2025-04-24
CLI000802,29565894765,Cliente 802,AM,2024-01-17
CLI000803,38375307519,Cliente 803,MG,2024-01-17
CLI000804,43016834542,Cliente 804,PE,2024-05-17
CLI000805,30720611586,Cliente 805,RN,2024-05-24
CLI000806,66003297289,Cliente 806,AM,2023-12-16
CLI000807,79194575670,Cliente 807,PE,2025-03-07
CLI000808,71151491362,Cliente 808,DF,2023-11-01
CLI000809,66922437594,Cliente 809,PR,2025-05-11
CLI000810,43089293275,Cliente 810,DF,2023-09-05
CLI000811,76032996792,Cliente 811,SP,2024-12-13
CLI000812,14480500954,Cliente 812,SP,2024-07-16
CLI000813,54954081160,Cliente 813,RJ,2025-04-27
CLI000814,59929373049,Cliente 814,ES,2023-05-23
CLI000815,75841770220,Cliente 815,RN,2025-07-16
CLI000816,13160165218,Cliente 816,PA,2023-08-22
CLI000817,26077900521,Cliente 817,GO,2023-06-26
CLI000818,65705453490,Cliente 818,BA,2025-01-10
CLI000819,78940918191,Cliente 819,CE,2024-12-01
CLI000820,52218784902,Cliente 820,MG,2023-09-21
CLI000821,54173166324,Cliente 821,AM,2023-01-28
CLI000822,43297881998,Cliente 822,MG,2023-04-03
CLI000823,53067660858,Cliente 823,PE,2024-05-03
CLI000824,78629570618,Cliente 824,GO,2023-01-24
CLI000825,90401448584,Cliente 825,SC,2023-09-21
CLI000826,57799037873,Cliente 826,GO,2023-01-28
CLI000827,63138738806,Cliente 827,SC,2023-05-30
CLI000828,69831849120,Cliente 828,MG,2023-12-06
CLI000829,25714038957,Cliente 829,CE,2025-07-05
CLI000830,79757180827,Cliente 830,ES,2024-09-19
CLI000831,71233622885,Cliente 831,CE,2023-05-30
CLI000832,70197231741,Cliente 832,ES,2025-07-05
CLI000833,74064548001,Cliente 833,PR,2023-05-25
CLI000834,38514440840,Cliente 834,DF,2023-11-23
CLI000835,48170636651,Cliente 835,PA,2025-03-07
CLI000836,23213173730,Cliente 836,CE,2023-01-21
CLI000837,96104695394,Cliente 837,MG,2024-01-15
CLI000838,95462255767,Cliente 838,CE,2023-02-08
CLI000839,97988308574,Cliente 839,ES,2024-09-05
CLI000840,33153320744,Cliente 840,RS,2023-10-17
CLI000841,14799347289,Cliente 841,RN,2023-03-01
CLI000842,34858691996,Cliente 842,AM,2024-07-02
CLI000843,60405822404,Cliente 843,PE,2023-02-05
CLI000844,34637374853,Cliente 844,PR,2025-04-05
CLI000845,72553929996,Cliente 845,GO,2024-07-14
CLI000846,59486888439,Cliente 846,BA,2024-08-02
CLI000847,65522253358,Cliente 847,MG,2025-06-19
CLI000848,39739762277,Cliente 848,RN,2024-06-02
CLI000849,12678539405,Cliente 849,RJ,2023-12-29
CLI000850,31309453970,Cliente 850,DF,2023-11-20
CLI000851,27884944602,Cliente 851,PE,2023-06-25
CLI000852,29229349717,Cliente 852,DF,2023-02-08
CLI000853,17407032970,Cliente 853,AM,2024-10-24
CLI000854,46705516214,Cliente 854,PE,2023-07-25
CLI000855,42729925981,Cliente 855,PE,2025-05-24
CLI000856,97252520341,Cliente 856,BA,2025-04-15
CLI000857,53723048938,Cliente 857,RN,2024-03-25
CLI000858,72179005997,Cliente 858,ES,2024-12-04
CLI000859,36531133489,Cliente 859,RN,2025-03-22
CLI000860,30631693570,Cliente 860,MG,2023-05-21
CLI000861,83931452886,Cliente 861,RN,2024-01-30
CLI000862,67639610967,Cliente 862,PR,2023-02-07
CLI000863,29543988745,Cliente 863,PE,2025-07-20
CLI000864,82655210033,Cliente 864,PE,2025-07-11
CLI000865,69080109890,Cliente 865,BA,2024-10-02
CLI000866,45737932739,Cliente 866,PE,2023-03-03
CLI000867,82926859490,Cliente 867,MG,2024-04-13
CLI000868,37952650547,Cliente 868,MG,2024-07-20
CLI000869,73827133810,Cliente 869,PA,2023-04-17
CLI000870,64936667885,Cliente 870,CE,2024-07-28
CLI000871,12350696052,Cliente 871,RN,2024-11-29
CLI000872,44114850000,Cliente 872,CE,2024-04-28
CLI000873,27948427509,Cliente 873,SP,2024-09-06
CLI000874,57135768608,Cliente 874,PE,2023-12-08
CLI000875,52723797973,Cliente 875,PA,2025-01-14
CLI000876,31593847649,Cliente 876,SP,2023-06-15
CLI000877,55052662829,Cliente 877,BA,2023-02-26
CLI000878,81772673817,Cliente 878,RJ,2024-02-22
CLI000879,33329950751,Cliente 879,SP,2024-05-16
CLI000880,30219320925,Cliente 880,PE,2024-09-22
CLI000881,99936943226,Cliente 881,CE,2023-03-01
CLI000882,53500977396,Cliente 882,RS,2023-03-04
CLI000883,54193125037,Cliente 883,PE,2024-11-01
CLI000884,66142464281,Cliente 884,PE,2023-12-20
CLI000885,45292219152,Cliente 885,SP,2025-01-17
CLI000886,24882137035,Cliente 886,SC,2023-06-10
CLI000887,13200268082,Cliente 887,PA,2025-02-15
CLI000888,18012125214,Cliente 888,PR,2024-07-05
CLI000889,36897082247,Cliente 889,GO,2023-11-05
CLI000890,86426641140,Cliente 890,PR,2024-01-14
CLI000891,89710183188,Cliente 891,PE,2024-11-25
CLI000892,87982805090,Cliente 892,AM,2024-12-01
CLI000893,65075296105,Cliente 893,DF,2023-08-02
CLI000894,88440388656,Cliente 894,AM,2023-06-26
CLI000895,81451530174,Cliente 895,SC,2024-07-08
CLI000896,91668580957,Cliente 896,PA,2024-04-26
CLI000897,45259962680,Cliente 897,AM,2023-12-05
CLI000898,62051593508,Cliente 898,RS,2024-02-24
CLI000899,26407270380,Cliente 899,GO,2025-02-07
CLI000900,94979312865,Cliente 900,SP,2024-05-02
CLI000901,88878837126,Cliente 901,ES,2025-06-14
CLI000902,67300028301,Cliente 902,MG,2024-05-23
CLI000903,20768593150,Cliente 903,BA,2023-12-19
CLI000904,55167598239,Cliente 904,AM,2023-02-15
CLI000905,80165743928,Cliente 905,BA,2025-04-24
CLI000906,41551946714,Cliente 906,ES,2023-03-30
CLI000907,95551121429,Cliente 907,GO,2023-10-29
CLI000908,36189325326,Cliente 908,MG,2023-04-28
CLI000909,65471306467,Cliente 909,DF,2023-04-22
CLI000910,42503565693,Cliente 910,RN,2024-03-21
CLI000911,53328331897,Cliente 911,BA,2023-12-27
CLI000912,21099942963,Cliente 912,RJ,2025-07-25
CLI000913,89639484630,Cliente 913,ES,2024-12-09
CLI000914,74695898755,Cliente 914,PE,2023-10-02
CLI000915,49435487657,Cliente 915,ES,2024-06-19
CLI000916,45070277053,Cliente 916,CE,2024-09-09
CLI000917,26747789646,Cliente 917,GO,2024-04-18
CLI000918,80263007406,Cliente 918,RJ,2023-03-04
CLI000919,69666204937,Cliente 919,CE,2023-05-20
CLI000920,53523564369,Cliente 920,MG,2023-11-27
CLI000921,57231422167,Cliente 921,CE,2023-12-17
CLI000922,96750313766,Cliente 922,RN,2025-05-20
CLI000923,82338593000,Cliente 923,CE,2024-04-01
CLI000924,64782183044,Cliente 924,ES,2023-12-14
CLI000925,19491561688,Cliente 925,BA,2023-08-30
CLI000926,97521797478,Cliente 926,GO,2023-10-13
CLI000927,83845608471,Cliente 927,RS,2024-08-12
CLI000928,35027651443,Cliente 928,RN,2024-04-04
CLI000929,33967783335,Cliente 929,PA,2025-03-29
CLI000930,94620907563,Cliente 930,ES,2023-09-21
CLI000931,24508567471,Cliente 931,AM,2024-03-16
CLI000932,74920422719,Cliente 932,PE,2023-02-25
CLI000933,72309428752,Cliente 933,RJ,2024-11-04
CLI000934,42851880923,Cliente 934,PE,2025-07-27
CLI000935,59467180571,Cliente 935,BA,2024-02-15
CLI000936,78685754474,Cliente 936,MG,2024-08-06
CLI000937,35074826560,Cliente 937,PA,2025-02-04
CLI000938,27856164291,Cliente 938,GO,2025-04-28
CLI000939,78918172164,Cliente 939,RS,2024-04-17
CLI000940,45510350079,Cliente 940,RN,2023-04-01
CLI000941,21723990018,Cliente 941,SC,2024-11-17
CLI000942,44085193844,Cliente 942,SC,2023-06-20
CLI000943,82821901735,Cliente 943,DF,2023-01-06
CLI000944,35212878277,Cliente 944,BA,2024-03-09
CLI000945,72916994582,Cliente 945,DF,2023-09-05
CLI000946,75883193533,Cliente 946,MG,2025-06-18
CLI000947,37138750733,Cliente 947,BA,2025-03-31
CLI000948,72454996217,Cliente 948,BA,2024-10-01
CLI000949,84192019673,Cliente 949,CE,2025-04-01
CLI000950,38772700373,Cliente 950,RS,2023-09-25
CLI000951,95572344244,Cliente 951,BA,2025-04-05
CLI000952,64179933882,Cliente 952,PA,2024-05-03
CLI000953,24926657935,Cliente 953,AM,2024-12-08
CLI000954,93128433551,Cliente 954,AM,2024-11-13
CLI000955,98027282574,Cliente 955,GO,2025-05-27
CLI000956,55904915008,Cliente 956,AM,2025-07-10
CLI000957,83693559863,Cliente 957,CE,2024-11-03
CLI000958,74476663340,Cliente 958,CE,2023-11-27
CLI000959,14491940629,Cliente 959,BA,2024-08-01
CLI000960,47526697585,Cliente 960,PR,2024-04-04
CLI000961,54929560090,Cliente 961,SC,2024-12-12
CLI000962,38018073214,Cliente 962,SC,2023-03-08
CLI000963,46892249453,Cliente 963,ES,2023-02-20
CLI000964,18881491892,Cliente 964,PE,2024-11-15
CLI000965,81786441572,Cliente 965,SC,2025-07-03
CLI000966,62174307570,Cliente 966,PE,2025-08-06
CLI000967,78633336593,Cliente 967,ES,2024-12-29
CLI000968,40932938675,Cliente 968,GO,2024-06-01
CLI000969,79775112556,Cliente 969,RJ,2025-03-15
CLI000970,15799528403,Cliente 970,PA,2025-01-06
CLI000971,59427253549,Cliente 971,RS,2025-03-23
CLI000972,22041731749,Cliente 972,CE,2025-07-28
CLI000973,60657209209,Cliente 973,RN,2025-05-31
CLI000974,43837393158,Cliente 974,BA,2024-06-10
CLI000975,43242618329,Cliente 975,MG,2025-07-21
CLI000976,10695319427,Cliente 976,ES,2023-01-13
CLI000977,11747814120,Cliente 977,PR,2025-06-21
CLI000978,99563724094,Cliente 978,GO,2025-05-20
CLI000979,12198470441,Cliente 979,BA,2025-03-14
CLI000980,74824869037,Cliente 980,ES,2025-02-21
CLI000981,53104887770,Cliente 981,RJ,2025-04-17
CLI000982,55484086750,Cliente 982,AM,2025-04-13
CLI000983,31608586573,Cliente 983,GO,2025-03-06
CLI000984,82619868596,Cliente 984,SP,2024-11-30
CLI000985,20031458883,Cliente 985,PA,2025-05-14
CLI000986,35236005906,Cliente 986,PR,2023-01-12
CLI000987,19893556736,Cliente 987,RN,2025-01-25
CLI000988,51516514991,Cliente 988,SP,2024-06-20
CLI000989,72562510789,Cliente 989,PE,2023-12-16
CLI000990,67447532654,Cliente 990,PA,2025-01-27
CLI000991,12557316464,Cliente 991,AM,2025-05-13
CLI000992,12585710692,Cliente 992,AM,2024-01-21
CLI000993,78361979699,Cliente 993,BA,2024-11-19
CLI000994,41669645016,Cliente 994,GO,2023-11-05
CLI000995,56194542969,Cliente 995,CE,2024-04-08
CLI000996,98547962498,Cliente 996,DF,2024-03-30
CLI000997,13220688485,Cliente 997,PR,2024-01-13
CLI000998,65161846660,Cliente 998,SP,2024-05-02
CLI000999,17880406024,Cliente 999,SC,2024-12-24
CLI001000,62975434641,Cliente 1000,CE,2023-09-08
CLI001001,84043297890,Cliente 1001,GO,2024-01-14
CLI001002,53370265404,Cliente 1002,RN,2023-01-18
CLI001003,21545930555,Cliente 1003,RJ,2024-01-08
CLI001004,98392027607,Cliente 1004,GO,2025-07-01
CLI001005,93123041822,Cliente 1005,CE,2024-11-13
CLI001006,19343636775,Cliente 1006,RJ,2023-07-22
CLI001007,64374039510,Cliente 1007,PA,2025-06-04
CLI001008,13711366868,Cliente 1008,SP,2025-06-16
CLI001009,87790560189,Cliente 1009,PA,2023-05-04
CLI001010,50955794358,Cliente 1010,PA,2025-04-16
CLI001011,39009240382,Cliente 1011,BA,2024-09-08
CLI001012,13252873433,Cliente 1012,RJ,2023-01-08
CLI001013,93946292271,Cliente 1013,CE,2023-12-21
CLI001014,57632375290,Cliente 1014,RJ,2024-04-01
CLI001015,11900042727,Cliente 1015,SP,2025-03-20
CLI001016,64107420698,Cliente 1016,RS,2024-03-11
CLI001017,78917011020,Cliente 1017,DF,2023-01-07
CLI001018,21502599786,Cliente 1018,PR,2024-05-19
CLI001019,45965505219,Cliente 1019,SC,2024-03-27
CLI001020,51734242459,Cliente 1020,PR,2024-12-22
CLI001021,95236716594,Cliente 1021,BA,2024-10-14
CLI001022,81373091721,Cliente 1022,SC,2024-06-21
CLI001023,18871414476,Cliente 1023,SC,2025-04-18
CLI001024,27307873082,Cliente 1024,SP,2023-09-13
CLI001025,37508777416,Cliente 1025,RJ,2023-11-07
CLI001026,67642592358,Cliente 1026,AM,2024-01-29
CLI001027,71069804862,Cliente 1027,RS,2024-09-24
CLI001028,30425612978,Cliente 1028,PE,2024-02-08
CLI001029,96982026230,Cliente 1029,PR,2023-03-25
CLI001030,48693388552,Cliente 1030,SC,2024-10-20
CLI001031,64289230957,Cliente 1031,GO,2023-12-01
CLI001032,18624451744,Cliente 1032,ES,2025-01-20
CLI001033,31211708379,Cliente 1033,RJ,2024-07-21
CLI001034,63252275700,Cliente 1034,GO,2025-06-27
CLI001035,99378183309,Cliente 1035,SC,2024-12-14
CLI001036,97637916467,Cliente 1036,DF,2024-08-14
CLI001037,98018878001,Cliente 1037,MG,2024-12-18
CLI001038,96008358847,Cliente 1038,SP,2024-08-17
CLI001039,45846109627,Cliente 1039,DF,2024-09-04
CLI001040,20597966594,Cliente 1040,RN,2024-12-06
CLI001041,53354064692,Cliente 1041,AM,2025-06-05
CLI001042,31686809483,Cliente 1042,GO,2023-08-10
CLI001043,20165054166,Cliente 1043,AM,2025-04-08
CLI001044,14830798126,Cliente 1044,CE,2023-12-20
CLI001045,97954591730,Cliente 1045,PA,2023-07-21
CLI001046,21607801923,Cliente 1046,SP,2023-12-04
CLI001047,85863132361,Cliente 1047,BA,2023-04-20
CLI001048,85549133536,Cliente 1048,RJ,2024-03-26
CLI001049,45492489546,Cliente 1049,RN,2023-03-03
CLI001050,47986365345,Cliente 1050,PR,2024-11-30
CLI001051,93624644293,Cliente 1051,BA,2025-03-30
CLI001052,73738630693,Cliente 1052,PR,2024-02-24
CLI001053,23587807182,Cliente 1053,MG,2023-07-04
CLI001054,85086758026,Cliente 1054,DF,2023-09-13
CLI001055,19725732426,Cliente 1055,BA,2024-09-27
CLI001056,65697107789,Cliente 1056,PE,2025-04-15
CLI001057,19305272094,Cliente 1057,AM,2024-04-04
CLI001058,98294853244,Cliente 1058,PA,2025-03-07
CLI001059,52874205982,Cliente 1059,PA,2024-08-29
CLI001060,80384916509,Cliente 1060,DF,2024-02-04
CLI001061,46623311265,Cliente 1061,ES,2023-11-25
CLI001062,72532629153,Cliente 1062,BA,2024-11-09
CLI001063,94959157382,Cliente 1063,SC,2023-09-21
CLI001064,77645060802,Cliente 1064,GO,2025-08-07
CLI001065,20726564369,Cliente 1065,RN,2023-12-07
CLI001066,97813857389,Cliente 1066,RJ,2023-07-10
CLI001067,66269758336,Cliente 1067,RN,2024-06-23
CLI001068,14141571620,Cliente 1068,SP,2023-06-22
CLI001069,59735866038,Cliente 1069,CE,2025-06-29
CLI001070,89891300233,Cliente 1070,PE,2023-01-01
CLI001071,33564957471,Cliente 1071,AM,2025-03-15
CLI001072,51615416529,Cliente 1072,CE,2023-07-08
CLI001073,46377684015,Cliente 1073,AM,2025-01-07
CLI001074,87484421695,Cliente 1074,RS,2023-05-28
CLI001075,27610980809,Cliente 1075,PR,2025-06-23
CLI001076,16778436692,Cliente 1076,RS,2024-02-29
CLI001077,23477768935,Cliente 1077,AM,2025-05-28
CLI001078,65611751276,Cliente 1078,BA,2024-10-22
CLI001079,14587282026,Cliente 1079,GO,2023-07-15
CLI001080,62874174265,Cliente 1080,CE,2025-07-13
CLI001081,49901825940,Cliente 1081,CE,2024-07-19
CLI001082,80108664403,Cliente 1082,DF,2024-03-03
CLI001083,36920212823,Cliente 1083,MG,2023-08-30
CLI001084,15396442885,Cliente 1084,RJ,2023-11-29
CLI001085,20438976836,Cliente 1085,CE,2024-11-16
CLI001086,59996173985,Cliente 1086,AM,2023-12-27
CLI001087,17801446589,Cliente 1087,BA,2024-10-05
CLI001088,46591641376,Cliente 1088,PA,2024-09-20
CLI001089,58182155405,Cliente 1089,PR,2024-07-24
CLI001090,20791789188,Cliente 1090,MG,2023-08-27
CLI001091,27022413132,Cliente 1091,SC,2025-03-21
CLI001092,62307717264,Cliente 1092,GO,2023-07-13
CLI001093,91151993657,Cliente 1093,RJ,2024-01-31
CLI001094,43199191231,Cliente 1094,AM,2024-10-21
CLI001095,82456910894,Cliente 1095,GO,2025-06-23
CLI001096,33810632735,Cliente 1096,SP,2023-06-04
CLI001097,61326577498,Cliente 1097,DF,2025-06-21
CLI001098,32915368259,Cliente 1098,CE,2024-10-09
CLI001099,12334030705,Cliente 1099,RS,2023-01-15
CLI001100,47577656082,Cliente 1100,MG,2024-05-14
CLI001101,80974668761,Cliente 1101,SC,2024-08-12
CLI001102,52050529633,Cliente 1102,SP,2023-08-30
CLI001103,78766175131,Cliente 1103,BA,2025-01-12
CLI001104,35925497631,Cliente 1104,RJ,2023-05-10
CLI001105,30469967503,Cliente 1105,BA,2023-02-02
CLI001106,28597416227,Cliente 1106,ES,2025-05-22
CLI001107,96798461921,Cliente 1107,PE,2024-04-07
CLI001108,42443270177,Cliente 1108,ES,2023-05-18
CLI001109,97800755957,Cliente 1109,PA,2025-07-02
CLI001110,73840753805,Cliente 1110,DF,2024-06-27
CLI001111,83199773923,Cliente 1111,BA,2025-06-05
CLI001112,38337751844,Cliente 1112,RJ,2023-05-11
CLI001113,91546214036,Cliente 1113,PA,2025-04-23
CLI001114,68853797431,Cliente 1114,PR,2023-02-28
CLI001115,98534819551,Cliente 1115,PA,2023-02-18
CLI001116,51112085358,Cliente 1116,MG,2024-04-03
CLI001117,83512552795,Cliente 1117,DF,2024-10-06
CLI001118,83949088066,Cliente 1118,DF,2023-01-09
CLI001119,57462221687,Cliente 1119,ES,2025-01-02
CLI001120,36316017806,Cliente 1120,PA,2024-05-21
CLI001121,20895285240,Cliente 1121,PA,2023-09-01
CLI001122,80549095596,Cliente 1122,AM,2023-06-19
CLI001123,79613374858,Cliente 1123,ES,2023-10-09
CLI001124,82598066472,Cliente 1124,GO,2024-02-21
CLI001125,75433024243,Cliente 1125,BA,2024-06-09
CLI001126,21775674217,Cliente 1126,CE,2023-03-03
CLI001127,74030845932,Cliente 1127,RJ,2024-05-17
CLI001128,61849992924,Cliente 1128,PA,2024-12-04
CLI001129,67059853161,Cliente 1129,SP,2024-07-01
CLI001130,24142300401,Cliente 1130,PR,2023-12-04
CLI001131,91389190803,Cliente 1131,RJ,2023-08-31
CLI001132,16296993127,Cliente 1132,RJ,2024-12-29
CLI001133,70993070736,Cliente 1133,PA,2024-07-23
CLI001134,75378010355,Cliente 1134,RN,2024-06-02
CLI001135,83324383723,Cliente 1135,RN,2024-04-09
CLI001136,24922041631,Cliente 1136,PA,2025-02-02
CLI001137,44150261795,Cliente 1137,DF,2023-07-20
CLI001138,74446510650,Cliente 1138,GO,2025-04-26
CLI001139,11475494280,Cliente 1139,GO,2025-03-17
CLI001140,54019821532,Cliente 1140,PE,2023-10-26
CLI001141,46569374745,Cliente 1141,RN,2024-08-31
CLI001142,93162965447,Cliente 1142,BA,2024-10-22
CLI001143,97448611231,Cliente 1143,MG,2024-11-30
CLI001144,60214948419,Cliente 1144,PA,2024-10-17
CLI001145,75287755753,Cliente 1145,AM,2025-02-28
CLI001146,58715145647,Cliente 1146,PE,2024-02-09
CLI001147,14880627502,Cliente 1147,AM,2023-11-25
CLI001148,24271618796,Cliente 1148,SP,2023-12-18
CLI001149,21199274935,Cliente 1149,SP,2025-01-19
CLI001150,49771099371,Cliente 1150,PE,2023-10-31
CLI001151,50084521073,Cliente 1151,SC,2023-04-03
CLI001152,56008416833,Cliente 1152,SC,2025-02-15
CLI001153,60600596607,Cliente 1153,PR,2023-08-14
CLI001154,26330956790,Cliente 1154,GO,2024-11-23
CLI001155,43003085456,Cliente 1155,DF,2025-01-24
CLI001156,64073589239,Cliente 1156,SC,2024-06-06
CLI001157,65380829577,Cliente 1157,BA,2024-01-20
CLI001158,58592603100,Cliente 1158,MG,2024-07-10
CLI001159,22343196028,Cliente 1159,PE,2023-08-16
CLI001160,74805170270,Cliente 1160,RS,2024-02-05
CLI001161,26061466131,Cliente 1161,PA,2023-12-23
CLI001162,24946783372,Cliente 1162,DF,2025-02-04
CLI001163,91762115309,Cliente 1163,PR,2023-11-20
CLI001164,15927111705,Cliente 1164,DF,2023-05-28
CLI001165,64380325678,Cliente 1165,SP,2024-02-04
CLI001166,14362221475,Cliente 1166,PR,2024-02-25
CLI001167,38351321414,Cliente 1167,SP,2025-05-21
CLI001168,49085642494,Cliente 1168,DF,2024-09-30
CLI001169,72646868595,Cliente 1169,PE,2023-03-07
CLI001170,20966633339,Cliente 1170,MG,2024-10-11
CLI001171,82743013799,Cliente 1171,ES,2025-05-14
CLI001172,46495352652,Cliente 1172,SC,2023-08-24
CLI001173,16022304965,Cliente 1173,AM,2024-09-07
CLI001174,24584759009,Cliente 1174,PR,2024-12-27
CLI001175,77905607629,Cliente 1175,PE,2023-06-04
CLI001176,28467690632,Cliente 1176,PE,2024-07-14
CLI001177,29900051588,Cliente 1177,PR,2025-05-12
CLI001178,54350134161,Cliente 1178,RJ,2025-02-28
CLI001179,93575725004,Cliente 1179,RN,2023-03-17
CLI001180,94805620848,Cliente 1180,RS,2025-07-15
CLI001181,45655522973,Cliente 1181,BA,2023-01-09
CLI001182,37469729737,Cliente 1182,DF,2023-08-09
CLI001183,61619168321,Cliente 1183,AM,2023-07-02
CLI001184,55720647084,Cliente 1184,PE,2024-04-20
CLI001185,53856286831,Cliente 1185,PA,2023-10-02
CLI001186,21225683322,Cliente 1186,PE,2023-11-14
CLI001187,81686590480,Cliente 1187,SP,2024-10-30
CLI001188,80778673060,Cliente 1188,SP,2023-05-23
CLI001189,18409989569,Cliente 1189,RJ,2024-05-29
CLI001190,31464234361,Cliente 1190,MG,2023-02-09
CLI001191,67191859355,Cliente 1191,RN,2023-11-12
CLI001192,79905120306,Cliente 1192,ES,2023-12-14
CLI001193,42355289798,Cliente 1193,DF,2023-04-19
CLI001194,97031890809,Cliente 1194,ES,2024-02-17
CLI001195,19851191664,Cliente 1195,PR,2024-03-11
CLI001196,45585331605,Cliente 1196,BA,2024-07-11
CLI001197,36867365270,Cliente 1197,PE,2023-10-05
CLI001198,77777652694,Cliente 1198,PA,2025-01-29
CLI001199,24496960917,Cliente 1199,ES,2025-04-21
CLI001200,75207607200,Cliente 1200,RJ,2023-01-01
CLI001201,41935602994,Cliente 1201,RN,2023-06-26
CLI001202,25441025332,Cliente 1202,SC,2025-01-26
CLI001203,29439578466,Cliente 1203,ES,2023-08-20
CLI001204,11687618091,Cliente 1204,AM,2024-10-26
CLI001205,96463217988,Cliente 1205,AM,2023-11-30
CLI001206,77374174770,Cliente 1206,PR,2025-01-06
CLI001207,52171753515,Cliente 1207,RN,2023-03-05
CLI001208,16820386498,Cliente 1208,SC,2023-05-18
CLI001209,70429111188,Cliente 1209,PE,2025-07-22
CLI001210,12376450427,Cliente 1210,RS,2024-04-28
CLI001211,24463951848,Cliente 1211,SC,2023-05-04
CLI001212,41771873988,Cliente 1212,GO,2023-03-06
CLI001213,10160184556,Cliente 1213,DF,2023-01-21
CLI001214,37828804652,Cliente 1214,PE,2023-05-25
CLI001215,68862237787,Cliente 1215,PE,2025-01-19
CLI001216,48484887362,Cliente 1216,RJ,2025-04-05
CLI001217,65748329693,Cliente 1217,RJ,2023-03-21
CLI001218,55430285606,Cliente 1218,PA,2023-03-23
CLI001219,81241816392,Cliente 1219,PE,2025-06-10
CLI001220,98442384102,Cliente 1220,PR,2025-04-19
CLI001221,40710245828,Cliente 1221,AM,2023-03-14
CLI001222,98210114445,Cliente 1222,GO,2024-01-09
CLI001223,99093171600,Cliente 1223,SP,2024-11-21
CLI001224,22180164716,Cliente 1224,RS,2023-07-16
CLI001225,74591318463,Cliente 1225,MG,2024-10-25
CLI001226,71879718120,Cliente 1226,ES,2024-03-28
CLI001227,89197244359,Cliente 1227,CE,2024-10-17
CLI001228,69731964729,Cliente 1228,MG,2023-05-18
CLI001229,54202941244,Cliente 1229,RJ,2023-03-14
CLI001230,21343643959,Cliente 1230,RN,2023-11-20
CLI001231,18297946324,Cliente 1231,PE,2024-10-04
CLI001232,59756155513,Cliente 1232,SC,2024-11-13
CLI001233,69723207441,Cliente 1233,SP,2024-02-15
CLI001234,20688922937,Cliente 1234,AM,2024-05-02
CLI001235,20741309917,Cliente 1235,SC,2023-02-03
CLI001236,54901460815,Cliente 1236,PE,2025-08-07
CLI001237,28499346222,Cliente 1237,PR,2025-07-07
CLI001238,85729229617,Cliente 1238,RS,2024-08-08
CLI001239,53134589181,Cliente 1239,RN,2024-12-07
CLI001240,64007341964,Cliente 1240,BA,2024-04-04
CLI001241,82357940014,Cliente 1241,AM,2023-11-03
CLI001242,39218256921,Cliente 1242,BA,2023-06-17
CLI001243,44938790556,Cliente 1243,RS,2023-10-11
CLI001244,45275772339,Cliente 1244,GO,2025-01-21
CLI001245,62502668218,Cliente 1245,GO,2023-02-22
CLI001246,35182422635,Cliente 1246,SC,2023-08-20
CLI001247,16735298715,Cliente 1247,GO,2024-12-25
CLI001248,74690845830,Cliente 1248,SC,2023-09-29
CLI001249,53109757669,Cliente 1249,DF,2024-02-12
CLI001250,63152714902,Cliente 1250,RN,2025-04-06
CLI001251,20074405708,Cliente 1251,SP,2023-08-30
CLI001252,74199580123,Cliente 1252,PR,2023-06-10
CLI001253,51858787100,Cliente 1253,BA,2024-04-17
CLI001254,38051548322,Cliente 1254,SP,2024-11-07
CLI001255,75971032407,Cliente 1255,RS,2024-12-17
CLI001256,57472151265,Cliente 1256,SC,2023-04-18
CLI001257,58100278981,Cliente 1257,SC,2023-11-04
CLI001258,81792634108,Cliente 1258,ES,2024-09-03
CLI001259,38408661736,Cliente 1259,RN,2024-07-26
CLI001260,84810235595,Cliente 1260,ES,2023-04-02
CLI001261,28351412544,Cliente 1261,GO,2023-08-21
CLI001262,82051890520,Cliente 1262,AM,2025-03-21
CLI001263,73357761552,Cliente 1263,SC,2024-01-29
CLI001264,49242557042,Cliente 1264,PE,2023-08-23
CLI001265,17878470324,Cliente 1265,RN,2023-03-26
CLI001266,26090154188,Cliente 1266,CE,2023-10-19
CLI001267,27938359951,Cliente 1267,RN,2023-08-12
CLI001268,69248289924,Cliente 1268,SP,2023-06-02
CLI001269,35991901968,Cliente 1269,RJ,2023-07-05
CLI001270,57242234275,Cliente 1270,PA,2023-12-19
CLI001271,40204648452,Cliente 1271,RN,2023-08-17
CLI001272,83645160042,Cliente 1272,RN,2023-02-09
CLI001273,23542362982,Cliente 1273,ES,2025-01-17
CLI001274,93907319231,Cliente 1274,PR,2023-06-03
CLI001275,46265333796,Cliente 1275,SC,2024-05-29
CLI001276,68189910973,Cliente 1276,PA,2025-06-02
CLI001277,59246800171,Cliente 1277,RS,2024-04-30
CLI001278,24964343874,Cliente 1278,ES,2023-08-23
CLI001279,48623607821,Cliente 1279,DF,2023-09-19
CLI001280,64894063304,Cliente 1280,BA,2024-07-28
CLI001281,47637837855,Cliente 1281,AM,2023-09-21
CLI001282,30751364328,Cliente 1282,PR,2023-02-16
CLI001283,93966649890,Cliente 1283,PA,2025-04-04
CLI001284,98836757848,Cliente 1284,AM,2024-11-22
CLI001285,41458600613,Cliente 1285,SP,2023-11-27
CLI001286,43317824559,Cliente 1286,RS,2023-12-01
CLI001287,43993640817,Cliente 1287,MG,2024-01-19
CLI001288,87896110218,Cliente 1288,PR,2025-07-30
CLI001289,44789430009,Cliente 1289,SP,2024-04-04
CLI001290,92883170446,Cliente 1290,GO,2024-02-06
CLI001291,30726956301,Cliente 1291,SP,2023-10-16
CLI001292,28095941478,Cliente 1292,SP,2023-06-22
CLI001293,32753994224,Cliente 1293,RS,2025-06-05
CLI001294,78976524357,Cliente 1294,SP,2023-09-02
CLI001295,83606791067,Cliente 1295,AM,2023-11-16
CLI001296,19210148751,Cliente 1296,PA,2023-11-06
CLI001297,25687187141,Cliente 1297,PE,2023-05-29
CLI001298,38694668920,Cliente 1298,GO,2023-04-11
CLI001299,49930029070,Cliente 1299,GO,2025-01-23
CLI001300,52945590162,Cliente 1300,AM,2025-08-04
CLI001301,99352780325,Cliente 1301,RS,2024-12-20
CLI001302,40410760422,Cliente 1302,SP,2024-03-06
CLI001303,12018139043,Cliente 1303,DF,2024-12-07
CLI001304,87448322209,Cliente 1304,ES,2023-10-16
CLI001305,11230157000,Cliente 1305,MG,2024-06-27
CLI001306,16292928213,Cliente 1306,SP,2024-02-19
CLI001307,62759542438,Cliente 1307,AM,2024-04-04
CLI001308,97043262361,Cliente 1308,AM,2024-07-17
CLI001309,26930911830,Cliente 1309,AM,2025-02-20
CLI001310,29152019572,Cliente 1310,PE,2024-11-16
CLI001311,96402048245,Cliente 1311,SP,2023-10-10
CLI001312,93841705794,Cliente 1312,AM,2024-08-04
CLI001313,37719375158,Cliente 1313,ES,2024-12-30
CLI001314,91044559247,Cliente 1314,ES,2023-02-16
CLI001315,13481203616,Cliente 1315,RS,2024-02-23
CLI001316,69514290088,Cliente 1316,SC,2024-03-23
CLI001317,86212830110,Cliente 1317,MG,2023-10-16
CLI001318,90612107424,Cliente 1318,PR,2024-02-16
CLI001319,44742283369,Cliente 1319,MG,2023-10-18
CLI001320,43155460956,Cliente 1320,PA,2023-10-11
CLI001321,15320650813,Cliente 1321,DF,2025-04-14
CLI001322,84927502095,Cliente 1322,CE,2024-01-26
CLI001323,42276588358,Cliente 1323,MG,2023-12-17
CLI001324,38853158061,Cliente 1324,CE,2025-01-14
CLI001325,45741703913,Cliente 1325,RS,2025-08-01
CLI001326,74015017494,Cliente 1326,MG,2025-07-06
CLI001327,77208462501,Cliente 1327,DF,2024-11-17
CLI001328,84005540058,Cliente 1328,RS,2025-03-10
CLI001329,42821923847,Cliente 1329,GO,2024-09-25
CLI001330,16295843788,Cliente 1330,RS,2023-07-02
CLI001331,33771966278,Cliente 1331,DF,2024-04-16
CLI001332,80796348938,Cliente 1332,AM,2023-07-25
CLI001333,70376278025,Cliente 1333,PA,2024-01-19
CLI001334,85406033067,Cliente 1334,MG,2024-10-27
CLI001335,63841603066,Cliente 1335,PR,2024-09-06
CLI001336,29104398081,Cliente 1336,MG,2025-02-08
CLI001337,75321331560,Cliente 1337,GO,2023-03-19
CLI001338,38891272620,Cliente 1338,RS,2025-05-15
CLI001339,23812742613,Cliente 1339,AM,2024-08-14
CLI001340,76993416398,Cliente 1340,SC,2023-05-27
CLI001341,56584770950,Cliente 1341,PE,2024-03-12
CLI001342,68640181349,Cliente 1342,RJ,2024-06-12
CLI001343,28664308282,Cliente 1343,RN,2023-06-01
CLI001344,89119273154,Cliente 1344,GO,2023-03-27
CLI001345,93939036556,Cliente 1345,BA,2023-08-01
CLI001346,73680003413,Cliente 1346,PR,2024-02-14
CLI001347,77769144740,Cliente 1347,CE,2023-11-03
CLI001348,62191152506,Cliente 1348,RS,2023-03-12
CLI001349,55752264743,Cliente 1349,MG,2025-03-16
CLI001350,73437964317,Cliente 1350,PE,2024-12-21
CLI001351,75415805285,Cliente 1351,AM,2024-06-14
CLI001352,17877536007,Cliente 1352,BA,2023-05-05
CLI001353,13030686405,Cliente 1353,MG,2024-04-20
CLI001354,28046509446,Cliente 1354,DF,2025-01-11
CLI001355,31714825852,Cliente 1355,PR,2024-12-11
CLI001356,72147102954,Cliente 1356,AM,2023-06-25
CLI001357,24036705737,Cliente 1357,BA,2023-11-25
CLI001358,91910846125,Cliente 1358,PE,2023-01-05
CLI001359,52061502383,Cliente 1359,GO,2023-09-24
CLI001360,97201632202,Cliente 1360,ES,2025-07-27
CLI001361,86949588384,Cliente 1361,AM,2025-04-29
CLI001362,45554176283,Cliente 1362,ES,2025-07-08
CLI001363,69644624551,Cliente 1363,AM,2023-09-23
CLI001364,90630631986,Cliente 1364,MG,2023-04-27
CLI001365,39803386971,Cliente 1365,RS,2023-01-12
CLI001366,51005563520,Cliente 1366,RS,2023-04-08
CLI001367,65135460990,Cliente 1367,AM,2025-02-14
CLI001368,77060145759,Cliente 1368,SC,2025-02-08
CLI001369,52512513466,Cliente 1369,AM,2024-06-21
CLI001370,78975163231,Cliente 1370,AM,2024-07-07
CLI001371,64450996753,Cliente 1371,RS,2025-07-29
CLI001372,33120523487,Cliente 1372,PA,2023-05-07
CLI001373,94738897882,Cliente 1373,PA,2024-07-11
CLI001374,88680781165,Cliente 1374,ES,2025-01-23
CLI001375,77581323227,Cliente 1375,PE,2024-01-24
CLI001376,29744949356,Cliente 1376,PR,2023-03-14
CLI001377,11381115593,Cliente 1377,RN,2023-05-25
CLI001378,54141044756,Cliente 1378,SP,2023-08-14
CLI001379,94070642056,Cliente 1379,CE,2023-01-25
CLI001380,53955855756,Cliente 1380,BA,2025-07-10
CLI001381,97435111749,Cliente 1381,RS,2023-01-21
CLI001382,51330996770,Cliente 1382,DF,2023-09-30
CLI001383,16349093750,Cliente 1383,PA,2023-12-07
CLI001384,96814233480,Cliente 1384,RJ,2024-10-20
CLI001385,28059979571,Cliente 1385,BA,2023-10-15
CLI001386,93193687585,Cliente 1386,RS,2024-01-03
CLI001387,50580401280,Cliente 1387,PE,2024-10-19
CLI001388,62489441752,Cliente 1388,RJ,2024-04-23
CLI001389,75455122418,Cliente 1389,PE,2024-09-07
CLI001390,30485668647,Cliente 1390,PA,2025-02-21
CLI001391,66687522446,Cliente 1391,RJ,2024-09-06
CLI001392,11468348676,Cliente 1392,SC,2024-03-03
CLI001393,17341520649,Cliente 1393,CE,2023-12-15
CLI001394,61912390289,Cliente 1394,PE,2023-03-10
CLI001395,43855713774,Cliente 1395,ES,2023-10-24
CLI001396,43244921314,Cliente 1396,PA,2023-09-29
CLI001397,65797936955,Cliente 1397,ES,2025-03-10
CLI001398,33406437495,Cliente 1398,CE,2024-02-07
CLI001399,77539010134,Cliente 1399,RS,2023-07-20
CLI001400,13501979359,Cliente 1400,RN,2023-08-27
CLI001401,63153591935,Cliente 1401,CE,2023-09-12
CLI001402,17950833650,Cliente 1402,BA,2023-07-25
CLI001403,87851510124,Cliente 1403,MG,2025-02-17
CLI001404,67178964164,Cliente 1404,GO,2023-02-05
CLI001405,91754641349,Cliente 1405,SC,2023-05-22
CLI001406,25851485284,Cliente 1406,ES,2023-10-13
CLI001407,40627306864,Cliente 1407,RS,2025-07-23
CLI001408,90991601858,Cliente 1408,DF,2024-12-01
CLI001409,16417045727,Cliente 1409,RS,2023-12-12
CLI001410,48081303566,Cliente 1410,RN,2024-09-07
CLI001411,24510395853,Cliente 1411,RN,2024-06-24
CLI001412,95578954185,Cliente 1412,PA,2025-05-05
CLI001413,10503473303,Cliente 1413,RJ,2024-01-19
CLI001414,93304655386,Cliente 1414,ES,2024-05-10
CLI001415,91009358649,Cliente 1415,GO,2023-09-19
CLI001416,90556823164,Cliente 1416,ES,2023-12-28
CLI001417,79530849901,Cliente 1417,GO,2025-07-20
CLI001418,65652746214,Cliente 1418,SP,2023-06-20
CLI001419,56376201423,Cliente 1419,MG,2023-12-04
CLI001420,83060848937,Cliente 1420,RS,2025-04-29
CLI001421,14963243450,Cliente 1421,AM,2023-02-28
CLI001422,62994644388,Cliente 1422,MG,2023-05-02
CLI001423,66384531556,Cliente 1423,AM,2024-01-05
CLI001424,47288700149,Cliente 1424,GO,2025-03-14
CLI001425,21495328371,Cliente 1425,MG,2024-11-15
CLI001426,40806855805,Cliente 1426,RN,2024-06-04
CLI001427,14310222965,Cliente 1427,ES,2024-01-02
CLI001428,22768301256,Cliente 1428,PR,2023-06-28
CLI001429,86230264086,Cliente 1429,DF,2024-10-04
CLI001430,45285071517,Cliente 1430,RS,2024-12-05
CLI001431,98948412432,Cliente 1431,SP,2024-01-01
CLI001432,56592213771,Cliente 1432,ES,2024-12-08
CLI001433,83333050903,Cliente 1433,DF,2023-10-10
CLI001434,96668275821,Cliente 1434,PE,2025-07-06
CLI001435,87262759633,Cliente 1435,DF,2024-04-23
CLI001436,23091286650,Cliente 1436,MG,2024-12-30
CLI001437,60155308279,Cliente 1437,AM,2023-09-26
CLI001438,87522841208,Cliente 1438,DF,2023-01-06
CLI001439,54154167803,Cliente 1439,SP,2023-08-31
CLI001440,82672108050,Cliente 1440,RN,2025-01-05
CLI001441,23136970950,Cliente 1441,BA,2025-02-02
CLI001442,53963891728,Cliente 1442,BA,2024-12-04
CLI001443,74834637694,Cliente 1443,PA,2025-06-08
CLI001444,45003246226,Cliente 1444,MG,2025-02-27
CLI001445,67106948046,Cliente 1445,RJ,2025-04-20
CLI001446,31221610577,Cliente 1446,PR,2024-05-18
CLI001447,60771263392,Cliente 1447,RN,2023-11-10
CLI001448,30651119895,Cliente 1448,DF,2023-08-09
CLI001449,14890709001,Cliente 1449,MG,2023-12-11
CLI001450,51286419832,Cliente 1450,PA,2025-07-17
CLI001451,18460807714,Cliente 1451,MG,2025-05-15
CLI001452,64963712516,Cliente 1452,CE,2024-10-31
CLI001453,39234079249,Cliente 1453,BA,2025-06-16
CLI001454,95811907011,Cliente 1454,PE,2025-04-17
CLI001455,50883361061,Cliente 1455,SP,2024-11-03
CLI001456,58726279296,Cliente 1456,MG,2024-05-24
CLI001457,25430971899,Cliente 1457,GO,2023-11-12
CLI001458,33946792090,Cliente 1458,RN,2024-01-03
CLI001459,10517709908,Cliente 1459,AM,2023-11-07
CLI001460,83492775312,Cliente 1460,SC,2025-04-19
CLI001461,53015728250,Cliente 1461,MG,2023-09-18
CLI001462,76140125788,Cliente 1462,BA,2025-01-14
CLI001463,25804375637,Cliente 1463,GO,2024-05-15
CLI001464,54196702200,Cliente 1464,PA,2023-11-06
CLI001465,80391615732,Cliente 1465,RJ,2024-03-09
CLI001466,75238685391,Cliente 1466,AM,2024-10-11
CLI001467,63583916153,Cliente 1467,MG,2025-06-03
CLI001468,51786244617,Cliente 1468,ES,2024-09-23
CLI001469,63448912454,Cliente 1469,SC,2024-06-11
CLI001470,17512139752,Cliente 1470,RJ,2025-06-18
CLI001471,98514941556,Cliente 1471,GO,2023-03-31
CLI001472,15360452208,Cliente 1472,ES,2025-05-15
CLI001473,48101946428,Cliente 1473,BA,2024-07-16
CLI001474,48533427274,Cliente 1474,PR,2023-04-01
CLI001475,19385500200,Cliente 1475,RJ,2023-03-17
CLI001476,64898999372,Cliente 1476,SP,2023-07-13
CLI001477,90800181642,Cliente 1477,RN,2023-08-09
CLI001478,27077365914,Cliente 1478,SC,2025-06-28
CLI001479,48516332622,Cliente 1479,DF,2023-04-19
CLI001480,20477442659,Cliente 1480,PE,2024-07-30
CLI001481,37126508693,Cliente 1481,AM,2024-12-20
CLI001482,72858027170,Cliente 1482,PR,2023-11-18
CLI001483,96763788604,Cliente 1483,RN,2024-07-24
CLI001484,80677957364,Cliente 1484,PE,2023-11-08
CLI001485,56258077212,Cliente 1485,RJ,2024-01-29
CLI001486,78905097252,Cliente 1486,RS,2023-04-18
CLI001487,33098193186,Cliente 1487,RS,2023-09-03
CLI001488,77386077577,Cliente 1488,DF,2023-07-16
CLI001489,10739473038,Cliente 1489,PE,2024-10-26
CLI001490,97149719901,Cliente 1490,PA,2024-08-18
CLI001491,92589067451,Cliente 1491,CE,2025-01-17
CLI001492,34433439456,Cliente 1492,PR,2025-08-04
CLI001493,51141436293,Cliente 1493,PR,2023-02-03
CLI001494,43267709442,Cliente 1494,ES,2023-07-25
CLI001495,19431242299,Cliente 1495,PR,2024-01-18
CLI001496,47033671212,Cliente 1496,CE,2024-05-12
CLI001497,71496266683,Cliente 1497,DF,2024-04-05
CLI001498,95279506314,Cliente 1498,ES,2024-03-12
CLI001499,80191291407,Cliente 1499,PA,2024-10-24
CLI001500,23185526720,Cliente 1500,SC,2024-07-27
CLI001501,46232404144,Cliente 1501,BA,2024-12-26
CLI001502,45242083609,Cliente 1502,PR,2023-07-04
CLI001503,13922536632,Cliente 1503,ES,2024-06-17
CLI001504,87462234756,Cliente 1504,PE,2024-02-05
CLI001505,72547350027,Cliente 1505,SC,2025-06-18
CLI001506,45588655836,Cliente 1506,SP,2023-06-23
CLI001507,54396113187,Cliente 1507,BA,2023-06-22
CLI001508,41014328331,Cliente 1508,RN,2024-08-13
CLI001509,37482282098,Cliente 1509,RN,2025-01-23
CLI001510,12343673334,Cliente 1510,BA,2025-03-13
CLI001511,67784809686,Cliente 1511,GO,2024-12-25
CLI001512,79010340726,Cliente 1512,MG,2025-07-18
CLI001513,21989453472,Cliente 1513,RS,2025-08-08
CLI001514,17423971133,Cliente 1514,ES,2023-04-22
CLI001515,70054313569,Cliente 1515,PE,2024-12-30
CLI001516,36227554511,Cliente 1516,GO,2024-03-09
CLI001517,89834537302,Cliente 1517,RJ,2023-03-29
CLI001518,41563631137,Cliente 1518,RJ,2024-02-07
CLI001519,80460631548,Cliente 1519,RJ,2023-10-08
CLI001520,17702487429,Cliente 1520,CE,2025-06-27
CLI001521,75107722567,Cliente 1521,RS,2023-07-07
CLI001522,36924996130,Cliente 1522,MG,2024-06-15
CLI001523,87417313326,Cliente 1523,RJ,2023-03-15
CLI001524,18097532571,Cliente 1524,ES,2025-02-22
CLI001525,63822792726,Cliente 1525,AM,2023-11-30
CLI001526,81400882956,Cliente 1526,PA,2024-11-11
CLI001527,67576857115,Cliente 1527,RJ,2025-05-29
CLI001528,16688890798,Cliente 1528,BA,2023-07-03
CLI001529,42317085402,Cliente 1529,PE,2023-03-18
CLI001530,42031262118,Cliente 1530,CE,2024-11-21
CLI001531,29126495780,Cliente 1531,CE,2024-06-21
CLI001532,88033621349,Cliente 1532,BA,2025-04-25
CLI001533,67337753270,Cliente 1533,CE,2023-03-20
CLI001534,13140876658,Cliente 1534,RN,2023-01-23
CLI001535,44772854542,Cliente 1535,GO,2023-12-15
CLI001536,68568474211,Cliente 1536,RN,2024-08-02
CLI001537,80844335779,Cliente 1537,SP,2024-04-22
CLI001538,31726595794,Cliente 1538,GO,2024-10-05
CLI001539,92590326369,Cliente 1539,PR,2023-02-09
CLI001540,96821937968,Cliente 1540,AM,2023-09-04
CLI001541,91314063774,Cliente 1541,SC,2025-04-24
CLI001542,22838010642,Cliente 1542,RS,2024-08-13
CLI001543,50256590894,Cliente 1543,RN,2023-12-18
CLI001544,79956410334,Cliente 1544,BA,2025-06-16
CLI001545,84367988525,Cliente 1545,SC,2023-03-02
CLI001546,66072993838,Cliente 1546,PA,2024-02-16
CLI001547,73310576659,Cliente 1547,GO,2025-06-15
CLI001548,99700991350,Cliente 1548,MG,2023-02-19
CLI001549,10712778919,Cliente 1549,MG,2023-09-28
CLI001550,91127530802,Cliente 1550,RJ,2024-09-05
CLI001551,69486320716,Cliente 1551,RS,2023-03-22
CLI001552,71055975888,Cliente 1552,CE,2023-10-17
CLI001553,95012288369,Cliente 1553,PA,2025-01-06
CLI001554,12867671263,Cliente 1554,RN,2025-07-12
CLI001555,16282269095,Cliente 1555,PE,2025-03-04
CLI001556,94789170858,Cliente 1556,PE,2024-04-07
CLI001557,85214973696,Cliente 1557,DF,2024-01-09
CLI001558,65748786459,Cliente 1558,PA,2025-03-06
CLI001559,10221711937,Cliente 1559,MG,2023-02-26
CLI001560,66404848414,Cliente 1560,RN,2025-08-03
CLI001561,16506014931,Cliente 1561,PR,2024-11-23
CLI001562,45216016144,Cliente 1562,RN,2023-11-23
CLI001563,40797210791,Cliente 1563,RS,2024-08-09
CLI001564,11825759819,Cliente 1564,PR,2023-06-08
CLI001565,68792999144,Cliente 1565,SC,2023-11-25
CLI001566,24229429251,Cliente 1566,CE,2025-05-23
CLI001567,31382563882,Cliente 1567,RS,2024-06-13
CLI001568,25780000185,Cliente 1568,DF,2025-05-23
CLI001569,19883491268,Cliente 1569,DF,2023-01-04
CLI001570,14043685808,Cliente 1570,CE,2024-04-18
CLI001571,72083650490,Cliente 1571,RJ,2024-05-28
CLI001572,69405917521,Cliente 1572,PR,2024-07-08
CLI001573,17179726021,Cliente 1573,ES,2023-02-16
CLI001574,66633212004,Cliente 1574,AM,2024-06-12
CLI001575,63823595726,Cliente 1575,PR,2024-08-04
CLI001576,90435949865,Cliente 1576,RJ,2024-01-06
CLI001577,37066681807,Cliente 1577,PE,2023-02-07
CLI001578,16114542893,Cliente 1578,BA,2023-01-31
CLI001579,92969098460,Cliente 1579,BA,2023-08-20
CLI001580,97704456377,Cliente 1580,CE,2023-06-14
CLI001581,73084374299,Cliente 1581,AM,2023-04-15
CLI001582,57610658762,Cliente 1582,RS,2023-01-14
CLI001583,36295978536,Cliente 1583,ES,2023-05-11
CLI001584,95574532517,Cliente 1584,CE,2023-09-26
CLI001585,17750774282,Cliente 1585,BA,2024-12-20
CLI001586,72550778304,Cliente 1586,SC,2025-04-16
CLI001587,62798740346,Cliente 1587,PR,2024-06-16
CLI001588,89161501923,Cliente 1588,PE,2023-12-09
CLI001589,80617316997,Cliente 1589,RN,2025-01-12
CLI001590,69612847555,Cliente 1590,PR,2023-05-08
CLI001591,76404765802,Cliente 1591,RN,2023-03-15
CLI001592,25081908058,Cliente 1592,PE,2025-05-27
CLI001593,67638304062,Cliente 1593,CE,2024-09-15
CLI001594,37437503074,Cliente 1594,PR,2025-05-06
CLI001595,18045441044,Cliente 1595,AM,2023-07-13
CLI001596,41495847869,Cliente 1596,RS,2024-11-22
CLI001597,62206471133,Cliente 1597,ES,2025-04-02
CLI001598,31117945804,Cliente 1598,SC,2024-04-30
CLI001599,25885406260,Cliente 1599,PA,2024-03-04
CLI001600,83632335980,Cliente 1600,SP,2023-01-13
CLI001601,34261726703,Cliente 1601,CE,2025-04-03
CLI001602,85133190506,Cliente 1602,PA,2025-03-04
CLI001603,65667824422,Cliente 1603,ES,2025-06-14
CLI001604,63622941979,Cliente 1604,PA,2024-08-01
CLI001605,78349259789,Cliente 1605,MG,2025-07-12
CLI001606,14403546796,Cliente 1606,MG,2024-03-30
CLI001607,18018842504,Cliente 1607,DF,2023-05-24
CLI001608,62233592156,Cliente 1608,RN,2025-02-24
CLI001609,14010706359,Cliente 1609,PR,2025-02-02
CLI001610,46543757294,Cliente 1610,DF,2025-01-19
CLI001611,78863688006,Cliente 1611,MG,2023-08-08
CLI001612,42640668926,Cliente 1612,AM,2024-07-21
CLI001613,70352806569,Cliente 1613,MG,2023-02-08
CLI001614,93290799776,Cliente 1614,PR,2025-06-01
CLI001615,87839282073,Cliente 1615,RN,2025-06-18
CLI001616,96892007654,Cliente 1616,MG,2023-03-09
CLI001617,62474156567,Cliente 1617,GO,2025-04-16
CLI001618,71494603755,Cliente 1618,PE,2024-09-26
CLI001619,59179510629,Cliente 1619,BA,2023-10-20
CLI001620,27816158747,Cliente 1620,PA,2025-04-19
CLI001621,68181174504,Cliente 1621,BA,2023-06-03
CLI001622,15325892681,Cliente 1622,CE,2024-06-13
CLI001623,19826878737,Cliente 1623,CE,2023-03-22
CLI001624,86833229275,Cliente 1624,AM,2024-05-26
CLI001625,60844235860,Cliente 1625,SC,2024-11-24
CLI001626,41841835177,Cliente 1626,PE,2024-04-27
CLI001627,76895186702,Cliente 1627,ES,2025-07-01
CLI001628,90882190183,Cliente 1628,ES,2024-08-07
CLI001629,86634155630,Cliente 1629,DF,2024-09-27
CLI001630,96406531888,Cliente 1630,RN,2024-10-06
CLI001631,14547183616,Cliente 1631,MG,2024-08-16
CLI001632,91545996269,Cliente 1632,RN,2023-01-23
CLI001633,50966454904,Cliente 1633,PA,2023-04-01
CLI001634,87662094913,Cliente 1634,RS,2024-03-20
CLI001635,50873759032,Cliente 1635,DF,2024-03-02
CLI001636,72636823799,Cliente 1636,RJ,2024-11-30
CLI001637,33283328723,Cliente 1637,MG,2023-02-15
CLI001638,41726019566,Cliente 1638,SC,2025-08-08
CLI001639,92026868168,Cliente 1639,SC,2023-01-08
CLI001640,59885943930,Cliente 1640,RS,2024-12-08
CLI001641,80216919304,Cliente 1641,ES,2023-04-17
CLI001642,55062998093,Cliente 1642,SP,2023-12-09
CLI001643,48943970320,Cliente 1643,AM,2023-01-24
CLI001644,72950846476,Cliente 1644,MG,2024-01-28
CLI001645,53722809151,Cliente 1645,CE,2024-04-05
CLI001646,67402562418,Cliente 1646,SP,2023-11-13
CLI001647,47684289902,Cliente 1647,GO,2023-06-07
CLI001648,59906366012,Cliente 1648,PE,2024-03-18
CLI001649,79306827479,Cliente 1649,DF,2024-07-06
CLI001650,23118411877,Cliente 1650,BA,2024-10-16
CLI001651,48184141685,Cliente 1651,AM,2023-05-08
CLI001652,10606365476,Cliente 1652,RS,2025-05-30
CLI001653,24882445321,Cliente 1653,RS,2023-08-17
CLI001654,67744281905,Cliente 1654,DF,2024-02-04
CLI001655,70418956487,Cliente 1655,PA,2024-05-21
CLI001656,54428712489,Cliente 1656,PA,2023-12-27
CLI001657,41875688348,Cliente 1657,SP,2023-01-20
CLI001658,82059559549,Cliente 1658,AM,2023-09-28
CLI001659,88560735232,Cliente 1659,CE,2024-04-19
CLI001660,78454170473,Cliente 1660,SC,2023-11-03
CLI001661,69003524727,Cliente 1661,PE,2023-07-27
CLI001662,76305652673,Cliente 1662,PE,2023-03-16
CLI001663,89129772229,Cliente 1663,SC,2024-11-04
CLI001664,91012934091,Cliente 1664,RJ,2023-07-26
CLI001665,54792855007,Cliente 1665,DF,2023-01-21
CLI001666,23477166495,Cliente 1666,AM,2023-11-06
CLI001667,18959972680,Cliente 1667,BA,2025-07-01
CLI001668,77303898792,Cliente 1668,SC,2023-04-30
CLI001669,73086384913,Cliente 1669,PE,2024-10-08
CLI001670,52145226834,Cliente 1670,ES,2023-07-06
CLI001671,65399750748,Cliente 1671,BA,2024-01-13
CLI001672,11374938280,Cliente 1672,SP,2023-03-02
CLI001673,92912512089,Cliente 1673,SP,2025-02-01
CLI001674,56155235249,Cliente 1674,BA,2025-05-31
CLI001675,46445411378,Cliente 1675,RJ,2023-10-08
CLI001676,35014014325,Cliente 1676,SC,2025-01-16
CLI001677,30942500617,Cliente 1677,RS,2024-03-31
CLI001678,56500969410,Cliente 1678,PR,2023-08-25
CLI001679,64827659108,Cliente 1679,RJ,2025-06-05
CLI001680,48868473547,Cliente 1680,ES,2024-06-23
CLI001681,33420251495,Cliente 1681,SC,2024-03-15
CLI001682,24916508209,Cliente 1682,AM,2025-07-13
CLI001683,23890353794,Cliente 1683,GO,2024-09-27
CLI001684,10525593285,Cliente 1684,BA,2024-07-30
CLI001685,99011187308,Cliente 1685,SP,2023-06-18
CLI001686,75085410923,Cliente 1686,DF,2024-06-13
CLI001687,21301545493,Cliente 1687,BA,2025-01-05
CLI001688,62950319482,Cliente 1688,DF,2023-11-27
CLI001689,12678460933,Cliente 1689,BA,2023-09-12
CLI001690,41255683547,Cliente 1690,BA,2024-08-29
CLI001691,53865436762,Cliente 1691,ES,2024-02-28
CLI001692,13475760623,Cliente 1692,RN,2023-05-31
CLI001693,54516173365,Cliente 1693,SC,2024-02-20
CLI001694,45401284224,Cliente 1694,RJ,2023-03-20
CLI001695,39504996697,Cliente 1695,MG,2023-09-12
CLI001696,45600947322,Cliente 1696,RN,2025-06-10
CLI001697,50571845714,Cliente 1697,BA,2024-07-14
CLI001698,10908705392,Cliente 1698,RN,2023-09-06
CLI001699,80570768472,Cliente 1699,RN,2023-06-07
CLI001700,22868101261,Cliente 1700,SC,2023-10-03
CLI001701,54750325255,Cliente 1701,BA,2024-07-03
CLI001702,45557538314,Cliente 1702,AM,2024-05-19
CLI001703,93293476082,Cliente 1703,AM,2023-08-07
CLI001704,90406182031,Cliente 1704,RS,2023-11-04
CLI001705,16811259196,Cliente 1705,GO,2023-06-17
CLI001706,57994256068,Cliente 1706,AM,2024-02-03
CLI001707,37698083962,Cliente 1707,SC,2025-03-18
CLI001708,59908620512,Cliente 1708,DF,2025-06-24
CLI001709,29549919949,Cliente 1709,SC,2025-05-04
CLI001710,96431939328,Cliente 1710,GO,2023-08-24
CLI001711,66596398923,Cliente 1711,PR,2025-06-15
CLI001712,47365243221,Cliente 1712,BA,2025-05-04
CLI001713,34106946318,Cliente 1713,CE,2023-12-12
CLI001714,63904376449,Cliente 1714,SC,2025-04-27
CLI001715,12284653308,Cliente 1715,RS,2023-07-05
CLI001716,34300803165,Cliente 1716,ES,2024-10-01
CLI001717,68174667127,Cliente 1717,PE,2024-07-13
CLI001718,98734073558,Cliente 1718,GO,2025-01-26
CLI001719,52015609194,Cliente 1719,DF,2023-05-20
CLI001720,64818624447,Cliente 1720,MG,2023-09-27
CLI001721,32154811948,Cliente 1721,MG,2024-10-02
CLI001722,55277496503,Cliente 1722,CE,2023-11-25
CLI001723,40665772015,Cliente 1723,MG,2023-05-18
CLI001724,66879085933,Cliente 1724,RN,2024-08-21
CLI001725,77401868779,Cliente 1725,MG,2024-11-29
CLI001726,67902892400,Cliente 1726,SC,2023-07-07
CLI001727,86462742529,Cliente 1727,GO,2024-10-18
CLI001728,67458357500,Cliente 1728,CE,2023-03-24
CLI001729,13693558596,Cliente 1729,SC,2025-06-27
CLI001730,97899004367,Cliente 1730,AM,2025-03-29
CLI001731,39120902342,Cliente 1731,DF,2023-11-21
CLI001732,12565483008,Cliente 1732,DF,2024-08-22
CLI001733,77667893117,Cliente 1733,MG,2023-01-19
CLI001734,85552269735,Cliente 1734,RS,2023-04-08
CLI001735,65413904494,Cliente 1735,DF,2023-03-24
CLI001736,65955751577,Cliente 1736,PA,2025-04-29
CLI001737,95135196106,Cliente 1737,SP,2025-03-09
CLI001738,31457863132,Cliente 1738,ES,2024-04-13
CLI001739,41160533070,Cliente 1739,GO,2024-04-03
CLI001740,18377845971,Cliente 1740,DF,2025-06-24
CLI001741,95941365150,Cliente 1741,DF,2023-01-28
CLI001742,96186069440,Cliente 1742,ES,2024-07-31
CLI001743,65712367887,Cliente 1743,PE,2024-10-15
CLI001744,10761394619,Cliente 1744,BA,2025-02-28
CLI001745,89711814431,Cliente 1745,DF,2023-09-27
CLI001746,68103658653,Cliente 1746,AM,2023-11-19
CLI001747,54166086791,Cliente 1747,SP,2025-01-27
CLI001748,47389815274,Cliente 1748,PE,2024-01-21
CLI001749,44632165222,Cliente 1749,SP,2024-10-30
CLI001750,44724998507,Cliente 1750,PA,2024-04-15
CLI001751,14426658984,Cliente 1751,RJ,2023-09-26
CLI001752,35145862783,Cliente 1752,RS,2025-04-05
CLI001753,36524953465,Cliente 1753,RJ,2025-02-26
CLI001754,42435249296,Cliente 1754,RJ,2025-05-09
CLI001755,72554863858,Cliente 1755,RJ,2024-07-10
CLI001756,94656187640,Cliente 1756,DF,2025-02-23
CLI001757,59934360549,Cliente 1757,PA,2025-02-01
CLI001758,82842288432,Cliente 1758,MG,2024-06-10
CLI001759,28445537293,Cliente 1759,DF,2024-06-14
CLI001760,31310613089,Cliente 1760,CE,2025-03-22
CLI001761,70409540608,Cliente 1761,GO,2023-09-30
CLI001762,13743290631,Cliente 1762,ES,2024-02-10
CLI001763,77332074324,Cliente 1763,RN,2025-01-26
CLI001764,51265149414,Cliente 1764,CE,2024-03-16
CLI001765,18579540810,Cliente 1765,PE,2024-08-22
CLI001766,65253338931,Cliente 1766,SP,2024-05-28
CLI001767,41307254470,Cliente 1767,RS,2023-10-05
CLI001768,64503354035,Cliente 1768,CE,2025-04-08
CLI001769,48231087247,Cliente 1769,SC,2023-09-29
CLI001770,97452740556,Cliente 1770,ES,2024-12-29
CLI001771,14542952662,Cliente 1771,CE,2023-07-21
CLI001772,14728116569,Cliente 1772,PA,2024-06-09
CLI001773,98442112815,Cliente 1773,MG,2024-01-22
CLI001774,47227320505,Cliente 1774,PR,2023-07-01
CLI001775,46105670923,Cliente 1775,AM,2024-12-04
CLI001776,50183104921,Cliente 1776,PR,2025-07-26
CLI001777,69836465542,Cliente 1777,DF,2025-03-19
CLI001778,13246921166,Cliente 1778,RS,2025-08-03
CLI001779,28012068575,Cliente 1779,DF,2024-10-17
CLI001780,48704801545,Cliente 1780,GO,2024-07-21
CLI001781,19200246240,Cliente 1781,ES,2023-08-11
CLI001782,38411151780,Cliente 1782,RS,2024-01-17
CLI001783,51273029360,Cliente 1783,AM,2024-11-07
CLI001784,54740495565,Cliente 1784,BA,2023-07-18
CLI001785,57132355557,Cliente 1785,AM,2025-02-14
CLI001786,72539683845,Cliente 1786,PE,2023-05-15
CLI001787,10871392947,Cliente 1787,SP,2024-01-23
CLI001788,75668421158,Cliente 1788,RS,2025-05-19
CLI001789,46239406056,Cliente 1789,RN,2024-06-27
CLI001790,66382737929,Cliente 1790,PE,2024-06-12
CLI001791,42312132212,Cliente 1791,GO,2024-11-28
CLI001792,53248076551,Cliente 1792,PE,2023-04-09
CLI001793,11860947684,Cliente 1793,ES,2023-06-21
CLI001794,84094340652,Cliente 1794,RS,2024-09-24
CLI001795,36302309080,Cliente 1795,AM,2025-05-22
CLI001796,40517223341,Cliente 1796,PR,2023-08-28
CLI001797,47362371428,Cliente 1797,BA,2025-07-27
CLI001798,50080514804,Cliente 1798,DF,2025-02-11
CLI001799,27535537288,Cliente 1799,SP,2023-11-06
CLI001800,44435642170,Cliente 1800,RJ,2024-11-05
CLI001801,94817059660,Cliente 1801,RN,2023-02-12
CLI001802,90215694848,Cliente 1802,PE,2024-08-31
CLI001803,77738477685,Cliente 1803,RJ,2024-01-25
CLI001804,80651535406,Cliente 1804,MG,2023-11-07
CLI001805,60947333862,Cliente 1805,RJ,2025-06-23
CLI001806,63635996770,Cliente 1806,PA,2025-04-28
CLI001807,47062608314,Cliente 1807,AM,2025-08-04
CLI001808,93367898597,Cliente 1808,PE,2025-03-12
CLI001809,66619462899,Cliente 1809,CE,2025-06-18
CLI001810,73267154539,Cliente 1810,RN,2023-04-04
CLI001811,98604363098,Cliente 1811,BA,2025-08-08
CLI001812,92411462960,Cliente 1812,CE,2024-07-18
CLI001813,65847043218,Cliente 1813,RJ,2025-05-10
CLI001814,46790457203,Cliente 1814,SP,2024-11-11
CLI001815,53105185144,Cliente 1815,ES,2025-03-23
CLI001816,92789716368,Cliente 1816,CE,2023-12-18
CLI001817,13361006118,Cliente 1817,PE,2024-06-20
CLI001818,54665545744,Cliente 1818,DF,2025-01-15
CLI001819,94136613276,Cliente 1819,GO,2024-01-11
CLI001820,45803809028,Cliente 1820,SP,2024-12-11
CLI001821,54567566881,Cliente 1821,ES,2023-06-17
CLI001822,99809335801,Cliente 1822,RN,2023-09-20
CLI001823,38459688590,Cliente 1823,GO,2023-11-16
CLI001824,91597999300,Cliente 1824,PE,2023-06-29
CLI001825,55720606434,Cliente 1825,CE,2025-07-17
CLI001826,91176039970,Cliente 1826,CE,2024-04-23
CLI001827,78625748508,Cliente 1827,PR,2024-08-16
CLI001828,84097156873,Cliente 1828,BA,2025-06-24
CLI001829,51171690468,Cliente 1829,RS,2024-08-06
CLI001830,90990591837,Cliente 1830,SP,2023-03-15
CLI001831,22563830986,Cliente 1831,SP,2023-11-22
CLI001832,40109790030,Cliente 1832,RJ,2025-07-01
CLI001833,16557617697,Cliente 1833,AM,2025-07-28
CLI001834,38084054426,Cliente 1834,PR,2023-03-07
CLI001835,55787732278,Cliente 1835,MG,2024-09-06
CLI001836,65470411626,Cliente 1836,GO,2023-05-25
CLI001837,76385532855,Cliente 1837,GO,2024-04-29
CLI001838,94341193627,Cliente 1838,BA,2025-05-11
CLI001839,87334786114,Cliente 1839,RN,2023-01-24
CLI001840,62219082148,Cliente 1840,RN,2025-06-16
CLI001841,54752591010,Cliente 1841,AM,2024-02-08
CLI001842,25836601046,Cliente 1842,MG,2023-01-20
CLI001843,70379841244,Cliente 1843,AM,2024-02-23
CLI001844,40415043180,Cliente 1844,PR,2023-08-03
CLI001845,43784706701,Cliente 1845,SC,2023-11-26
CLI001846,60113659844,Cliente 1846,MG,2025-06-14
CLI001847,38939099635,Cliente 1847,PR,2024-12-19
CLI001848,61942783904,Cliente 1848,PR,2023-06-01
CLI001849,41031725101,Cliente 1849,ES,2025-02-03
CLI001850,13613588296,Cliente 1850,PE,2023-01-13
CLI001851,60323040323,Cliente 1851,PE,2024-11-17
CLI001852,17007399891,Cliente 1852,BA,2023-06-13
CLI001853,20500736828,Cliente 1853,RS,2024-10-03
CLI001854,21029352771,Cliente 1854,RN,2023-02-12
CLI001855,52091048924,Cliente 1855,DF,2025-04-04
CLI001856,58876932106,Cliente 1856,AM,2024-01-23
CLI001857,17385872956,Cliente 1857,DF,2023-08-25
CLI001858,96507604821,Cliente 1858,RN,2024-06-16
CLI001859,12037857668,Cliente 1859,DF,2023-02-06
CLI001860,32939503809,Cliente 1860,BA,2024-01-15
CLI001861,76265732644,Cliente 1861,BA,2024-10-27
CLI001862,43117940471,Cliente 1862,RN,2025-01-31
CLI001863,76911762876,Cliente 1863,RJ,2024-04-01
CLI001864,54647404761,Cliente 1864,CE,2025-02-26
CLI001865,55078943930,Cliente 1865,CE,2023-11-18
CLI001866,73297658577,Cliente 1866,RN,2024-03-22
CLI001867,82527486091,Cliente 1867,PE,2025-07-12
CLI001868,92329038011,Cliente 1868,RN,2024-09-30
CLI001869,66313006938,Cliente 1869,GO,2024-10-31
CLI001870,60077549734,Cliente 1870,RN,2023-02-10
CLI001871,57990702946,Cliente 1871,PA,2024-10-18
CLI001872,60940579193,Cliente 1872,CE,2023-02-14
CLI001873,25736365345,Cliente 1873,MG,2025-07-25
CLI001874,84048303991,Cliente 1874,RS,2024-04-07
CLI001875,17258284179,Cliente 1875,RS,2024-02-28
CLI001876,59311952515,Cliente 1876,BA,2025-08-09
CLI001877,32374981407,Cliente 1877,ES,2025-08-06
CLI001878,79983870872,Cliente 1878,RJ,2024-02-14
CLI001879,61319757929,Cliente 1879,AM,2024-04-07
CLI001880,79800118904,Cliente 1880,PA,2025-03-28
CLI001881,63584429161,Cliente 1881,BA,2023-08-06
CLI001882,55291028087,Cliente 1882,RS,2023-08-07
CLI001883,38867298943,Cliente 1883,RN,2025-01-19
CLI001884,92071290905,Cliente 1884,ES,2024-07-06
CLI001885,39180675197,Cliente 1885,ES,2025-01-29
CLI001886,25839974014,Cliente 1886,CE,2024-12-04
CLI001887,46989270168,Cliente 1887,GO,2024-01-05
CLI001888,91773545950,Cliente 1888,CE,2023-07-21
CLI001889,29914033450,Cliente 1889,ES,2025-08-05
CLI001890,47562508801,Cliente 1890,GO,2025-05-30
CLI001891,48111638748,Cliente 1891,RN,2023-09-12
CLI001892,27473030422,Cliente 1892,SC,2025-07-24
CLI001893,14161399802,Cliente 1893,SP,2025-05-24
CLI001894,52621539389,Cliente 1894,RN,2023-04-22
CLI001895,20536899172,Cliente 1895,RN,2024-05-08
CLI001896,99600410358,Cliente 1896,AM,2025-02-13
CLI001897,35069647870,Cliente 1897,MG,2025-03-10
CLI001898,59892535138,Cliente 1898,PR,2025-06-04
CLI001899,40278937463,Cliente 1899,PE,2025-02-16
CLI001900,48558339377,Cliente 1900,RS,2024-11-14
CLI001901,74072229024,Cliente 1901,PA,2025-01-08
CLI001902,34003322325,Cliente 1902,RS,2025-05-19
CLI001903,63049123321,Cliente 1903,ES,2023-12-28
CLI001904,30729440504,Cliente 1904,PA,2024-09-08
CLI001905,14006894136,Cliente 1905,PE,2023-01-15
CLI001906,20324288571,Cliente 1906,DF,2024-06-28
CLI001907,85220354021,Cliente 1907,MG,2025-05-17
CLI001908,46501689573,Cliente 1908,SP,2024-04-03
CLI001909,74841385832,Cliente 1909,SP,2024-03-22
CLI001910,93661841163,Cliente 1910,RJ,2023-07-21
CLI001911,41810823748,Cliente 1911,PE,2023-11-16
CLI001912,45339303588,Cliente 1912,BA,2024-10-30
CLI001913,23377341936,Cliente 1913,MG,2023-05-20
CLI001914,26693216620,Cliente 1914,PR,2023-07-06
CLI001915,68195353123,Cliente 1915,CE,2024-08-18
CLI001916,73543803378,Cliente 1916,BA,2024-04-09
CLI001917,69973623807,Cliente 1917,RN,2023-07-23
CLI001918,49805486673,Cliente 1918,CE,2024-01-19
CLI001919,64319849018,Cliente 1919,PA,2023-11-06
CLI001920,72420312535,Cliente 1920,RN,2023-06-30
CLI001921,38564594801,Cliente 1921,BA,2025-06-05
CLI001922,13557983380,Cliente 1922,PR,2023-10-27
CLI001923,52040173299,Cliente 1923,AM,2025-06-01
CLI001924,15223484953,Cliente 1924,CE,2024-04-03
CLI001925,82897961336,Cliente 1925,RS,2023-05-24
CLI001926,48583312131,Cliente 1926,PR,2025-01-03
CLI001927,85307046236,Cliente 1927,PA,2024-03-30
CLI001928,22471777651,Cliente 1928,ES,2024-09-17
CLI001929,17688910644,Cliente 1929,SP,2024-10-02
CLI001930,20054391982,Cliente 1930,BA,2025-06-16
CLI001931,26606891723,Cliente 1931,RJ,2025-01-23
CLI001932,78299462458,Cliente 1932,PE,2023-02-04
CLI001933,49497775831,Cliente 1933,GO,2023-03-22
CLI001934,55747561448,Cliente 1934,PA,2023-10-31
CLI001935,31657089814,Cliente 1935,RJ,2023-01-19
CLI001936,97648761218,Cliente 1936,RN,2025-05-20
CLI001937,68917129645,Cliente 1937,SC,2023-07-02
CLI001938,59544610670,Cliente 1938,RN,2023-07-12
CLI001939,22998071040,Cliente 1939,PA,2024-02-14
CLI001940,55082529469,Cliente 1940,RJ,2024-11-15
CLI001941,33870072474,Cliente 1941,PA,2024-03-09
CLI001942,11137144747,Cliente 1942,PE,2023-10-04
CLI001943,36588641822,Cliente 1943,SP,2023-04-18
CLI001944,47458613437,Cliente 1944,PE,2024-05-18
CLI001945,98180213615,Cliente 1945,PE,2025-01-20
CLI001946,42723258384,Cliente 1946,AM,2025-01-27
CLI001947,10173462868,Cliente 1947,ES,2024-03-01
CLI001948,44503351413,Cliente 1948,RN,2023-12-01
CLI001949,98353802159,Cliente 1949,ES,2023-03-17
CLI001950,42965802615,Cliente 1950,PR,2025-06-29
CLI001951,27993957913,Cliente 1951,PR,2025-03-29
CLI001952,91418393866,Cliente 1952,RJ,2023-03-31
CLI001953,40681350648,Cliente 1953,SP,2025-05-10
CLI001954,10718541834,Cliente 1954,SC,2023-11-04
CLI001955,27308406100,Cliente 1955,AM,2024-09-01
CLI001956,91163941823,Cliente 1956,RS,2025-06-01
CLI001957,65841064383,Cliente 1957,PA,2025-04-12
CLI001958,93325903116,Cliente 1958,SP,2023-10-06
CLI001959,14026363414,Cliente 1959,RS,2024-04-07
CLI001960,36332500968,Cliente 1960,BA,2025-06-16
CLI001961,80851872948,Cliente 1961,PA,2023-06-30
CLI001962,16535408773,Cliente 1962,RS,2025-04-13
CLI001963,43381978888,Cliente 1963,SC,2023-06-20
CLI001964,93314305897,Cliente 1964,PE,2023-10-14
CLI001965,88099404763,Cliente 1965,CE,2024-03-10
CLI001966,80305374020,Cliente 1966,RN,2025-03-21
CLI001967,26894202255,Cliente 1967,DF,2023-04-29
CLI001968,67442742917,Cliente 1968,SC,2023-08-01
CLI001969,61232281871,Cliente 1969,RS,2024-07-29
CLI001970,96934381839,Cliente 1970,GO,2025-04-21
CLI001971,10212365008,Cliente 1971,ES,2023-09-05
CLI001972,83478205586,Cliente 1972,RS,2023-01-20
CLI001973,87291081783,Cliente 1973,RJ,2023-04-09
CLI001974,68414251707,Cliente 1974,GO,2024-01-22
CLI001975,24527902961,Cliente 1975,RS,2023-06-02
CLI001976,77217772426,Cliente 1976,RS,2024-09-02
CLI001977,70480438429,Cliente 1977,PA,2024-11-27
CLI001978,32250018162,Cliente 1978,RJ,2025-04-25
CLI001979,23819230038,Cliente 1979,PA,2024-10-09
CLI001980,36842943128,Cliente 1980,BA,2025-06-21
CLI001981,41780760254,Cliente 1981,BA,2024-04-22
CLI001982,74749551616,Cliente 1982,SP,2025-02-06
CLI001983,48955002833,Cliente 1983,ES,2024-04-15
CLI001984,61808064469,Cliente 1984,AM,2024-06-13
CLI001985,93971588740,Cliente 1985,RN,2025-01-31
CLI001986,79069673314,Cliente 1986,PR,2023-03-22
CLI001987,83499743034,Cliente 1987,CE,2024-11-14
CLI001988,43761880570,Cliente 1988,PR,2024-06-19
CLI001989,43379373860,Cliente 1989,PE,2023-01-09
CLI001990,89345404039,Cliente 1990,RS,2025-01-19
CLI001991,35413568493,Cliente 1991,GO,2025-05-25
CLI001992,11848531274,Cliente 1992,SC,2023-02-03
CLI001993,48103176597,Cliente 1993,SP,2023-03-22
CLI001994,68303652668,Cliente 1994,RJ,2025-04-26
CLI001995,17074807083,Cliente 1995,BA,2023-04-22
CLI001996,46382103478,Cliente 1996,RS,2024-08-21
CLI001997,35662247564,Cliente 1997,ES,2023-04-07
CLI001998,20922080441,Cliente 1998,ES,2023-05-16
CLI001999,98461214016,Cliente 1999,CE,2023-01-16
CLI002000,36199638270,Cliente 2000,SC,2023-07-09
